"key","title","year","month","day","journal","issn","volume","issue","pages","authors","url","language","publisher","location","abstract","doi","keywords","pubmed_id","pmc_id","notes"
"rayyan-176871693","Validity and Classification Accuracy of CBM Oral Reading and Maze to Identify Students at Risk for Reading Disabilities: A Review of Literature",2017,NA,NA,"[""Special Education Research"", ""특수교육""]","1598-7043",16,4,"5-32","Shin,, Jaehyun","","","",NA,"Purpose: The purpose of this study was to systematically synthesize the validity(concurrent and predictive) and classification accuracy(sensitivity and specificity) of CBM oral reading and maze task as screening tools for identifying students at-risk for reading disabilities in Grades 1-6. Specifically, this study focused on the classification accuracy of oral reading and maze to evaluate evidence for the two CBM measures as screening tools. Method: Twenty-three studies conducted in Grades 1-6 were systematically reviewed. Results: For oral reading, correlations appeared to vary in magnitude(r=.43-.75) across grades. Correlations for maze ranged from r=.49-.73 across Grades 3-5. In terms of classification accuracy, oral reading tended to show relatively lower level of sensitivity than specificity in Grades 1-3. However, this difference was not observed in intermediate grades. No classification accuracy results were reported for maze. Conclusion: Based on these findings, the evidence base of CBM oral reading and maze as screening tools was evaluated to identify students at-risk for reading comprehension difficulties. Implications for research and practice are discussed.     PU  - Special Education Research Institute","10.18541/ser.2017.11.16.4.5","",NA,NA,"RAYYAN-INCLUSION: {""rater1""=>""Excluded"", ""rater3""=>""Excluded""} | USER-NOTES: {""rater1""=>[""edad""]}"
"rayyan-176871695","Sensitivity of an abbreviated neuropsychological battery in screening for reading disability",2010,NA,NA,"","978-1-124-14645-4",NA,NA,"","Kane, Cynthia     Z2  -  ","","","",NA,"","","",NA,NA,"RAYYAN-INCLUSION: {""rater1""=>""Excluded"", ""rater3""=>""Excluded""} | USER-NOTES: {""rater1""=>[""no lo encontre ni en ebsco ni en scopus""]}"
"rayyan-176871696","Sensitivity/Specificity of an Executive Function Screener at Detecting ADHD and Reading Disability",2016,NA,NA,"CLINICAL NEUROPSYCHOLOGIST","[""1385-4046"", ""1744-4144""]",30,5,"779-780","Karr, J. and Garcia-Barrera, M. A. and Kibby, M. Y.","","","",NA,"","","",NA,NA,"RAYYAN-INCLUSION: {""rater1""=>""Excluded"", ""rater3""=>""Excluded""} | USER-NOTES: {""rater1""=>[""no lo encuentro""]}"
"rayyan-176871698","[""Analyzing the Slope of Korean Maze CBM for Students with Reading Disabilities: Focusing on the Sensitivity of Slope and Differences in Gender and Grade"", ""읽기 장애학생을 위한 어절 선택 CBM 분석: 기울기 민감도, 성별, 학년 차이에 초점을 맞추어""]",2020,NA,NA,"[""The Korea Journal of Learning Disabilities"", ""학습장애연구""]","1738-7337",17,3,"159-176","Yeo,, Seungsoo","","","",NA,"It is necessary for teachers to use a progress monitoring tool to evaluate the effectiveness of their interventions for students with reading disabilities. Korean maze CBM in reading used in this study can be applied for measuring students’ progress in reading over time. The main focus of this study was on the sensitivity of slope as well as the difference in grade and gender. Participants were 93 first graders and 122 second-graders from three elementary schools. LMER(linear mixed effects regression) and AIC(Akaike information criterion) were used for answering research questions suggested in this study. Results from this study showed that Korean maze CBM possessed the good sensitivity of slope for first and second students. In addition, grade was an important predictor of Korean maze CBM scores. Implication for practice and research limitation are discussed.     PU  - The Korea Learning Disabilities Association","10.47635/KJLD.2020.17.3.159","",NA,NA,"RAYYAN-INCLUSION: {""rater1""=>""Excluded"", ""rater2""=>""Excluded"", ""rater3""=>""Excluded""} | RAYYAN-LABELS: bloque 1 | USER-NOTES: {""rater1""=>[""fuera de nuestro rango de edad""]}"
"rayyan-176872835","Alouette-R Normative Data for French-Speaking School-Aged Children Living in Quebec",NA,1,1,"","",59,5,"","","","eng","",NA,"Background: The Alouette-R (2005) by Lefavrais is one of the most widely used tools to assess reading skills in French. However, this instrument does not have normative data specific to the French-speaking population of Quebec, Canada. Aims: The validity of an assessment being strongly compromised when using inappropriate norms, the first objective of this study was to establish local norms for the Alouette-R. The second objective was to provide sensitivity and specificity data for each Alouette-R measure in the French-speaking Quebec population. The third objective was to compare Quebec and French normative data and their sensitivity to better understand the applicability and effectiveness of the Alouette-R test at the regional level. Methods & Procedures: A total of 347 fluent readers and 48 children with dyslexia from 3rd to 6th grades were recruited from different regions in Quebec. Participants had to read aloud the 265-word text of the Alouette-R in a maximum of 3 min. Outcomes & Results: Norms (means, standard deviations and percentiles) by school grades were created for each test measure: reading time, number of words read, number of errors, number of words correctly read, reading accuracy index and reading fluency index. The sensitivity (i.e., the ability to correctly identify children with dyslexia) and specificity (i.e., the ability to correctly identify children without dyslexia) of these measurements were also documented. The norms and their sensitivity were then compared with those of the original French study by Lefavrais in 2005. Conclusions & Implications: The presence of differences between European and Quebec norms supports the importance of using local norms when assessing language skills. The reading accuracy and fluency indexes are the measurements that best discriminated children with dyslexia from those without a reading disorder in our study. This study will allow clinicians working in Quebec to have a better interpretation of the Alouette-R measurements and ultimately avoid erroneous conclusions resulting from the use of foreign normative data.","10.1111/1460-6984.13076","",NA,NA,"RAYYAN-INCLUSION: {""rater1""=>""Excluded"", ""rater2""=>""Included"", ""rater3""=>""Excluded""} | RAYYAN-LABELS: bloque 1 | USER-NOTES: {""rater1""=>[""fuera de nuestro rango de edad ""]}"
"rayyan-176872836","Comparing Approaches to Predicting Risk for Dyslexia",NA,1,1,"","",NA,NA,"","","","eng","",NA,"Background: Dyslexia is a specific reading disability characterized by word recognition difficulties that can qualify a student for special education services under the ""Individuals with Disabilities Education Act"" (IDEA; 2004; Yudin, 2015). As of 2024, 49 US states have legislation defining dyslexia and enumerating for schools recommended or required dyslexia practices (National Center on Improving Literacy [NCIL], 2024). This legislation drives widespread universal screening and intervention efforts, as 39 states require that students be screened for dyslexia, 31 of which also require intervention based on those screening results (NCIL, 2024). Further, although schools are typically mandated to use screeners that assess foundational early literacy constructs, to date, no assessments have been specifically validated for the purpose of screening for dyslexia. Purpose: This study investigates the accuracy, validity, utility, and efficiency of various approaches to screening for dyslexia, using multiple longitudinal administrations of DIBELS 8 (University of Oregon, 2018), a literacy screener that is both widely used in schools and widely evoked in state dyslexia policy. Given substantial variation in state dyslexia definitions, we operationalize dyslexia using multiple measurement schemes, prioritizing the hybrid model of dyslexia described in Miciak and Fletcher (2020) and illustrated in Figure 1. Setting: In 2021-2022 and 2022-2023, 36 schools from 20 states representing all four US Census regions administered DIBELS 8 and standardized measures of word reading, phonological awareness, spelling, and vocabulary to an ability-stratified sample of Grade K-3 students. Prior to recruitment, schools were categorized into one of five strata based on The Generalizer, a tool for designing educational evaluations with a population perspective (Tipton, & Miller, 2024). See Figures 2 and 3 for a summary of the states represented and the school-level demographics used to stratify the sample. Participants: Across two years, measures were administered to 2,834 Grade 3 students, 2,342 Grade 2 students, 1,728 Grade 1 students, and 960 kindergarten students. Twenty-eight schools participated in both years, resulting in up to six DIBELS administrations and two sets of outcome measures on approximately 75% of participating students to date. Research Design: Each cohort of students is being followed through the end of third grade, or the end of the 2024-2025 school year, whichever comes first. The population of interest is students with or at risk for dyslexia and who are representative of similar students across the country. Thus, although schools typically administer DIBELS 8 to all students in participating grades, to reduce the testing burden, students selected for assessment with the standardized measures were sampled from across the range of ability levels. Students were grouped into quartiles based on their beginning of year (BOY) DIBELS 8 composite score and project staff randomly selected seven students from each of the two lowest quartiles, six students from the third quartile, and five students from the top quartile, resulting in a sample with varying proficiency levels. Data Collection and Analysis: Participating students were assessed three times per year on DIBELS 8 measures of phonological awareness, alphabetic principle, word knowledge, accuracy and fluency with connected text, and comprehension, and once at the end of the year (EOY) on a standardized measure of word reading (Torgesen et al., 2012). Using a planned missingness design (Little & Rhemtulla, 2013), students in each school additionally received either one or all three of the other standardized assessments: an individually administered reading readiness and reading achievement measure (Woodcock, 2011); a norm-referenced, group administered test of spelling (Larsen, Hammill, & Moats, 2013); and an individually administered, norm-referenced vocabulary assessment (Martin & Brownwell, 2011). See Table 1 for additional details regarding the alignment of measures to relevant hybrid model constructs. Variations on three analytic approaches are compared: ROC curve analyses (Habibzadeh, Habibzadeh, & Yadollahie, 2016), conceptual replications of a hybrid model approach that uses multiple sources of information to define reading disability (Schatschneider et al., 2016), and machine learning (ML) decision tree models that predict the hybrid model of dyslexia. Results: Using traditional ROC curve approaches, DIBELS 8 is highly predictive of individual standardized assessments in all grades. As shown in Figure 4, DIBELS 8 measures of Nonsense Word Fluency (NWF), Word Reading Fluency (WRF), Oral Reading Fluency (ORF), and the Composite score at all three times of year are highly predictive of the end of year (EOY) TOWRE Word Reading Efficiency Composite in grades 1 and 2, with all AUC values exceeding 0.80, and 20 of the 30 possible comparisons exceeding 0.90. Schatschneider et al. (2016) represents one of the only investigations to date into reading difficulty incidence rates and longitudinal classification stability but differs from these analyses in that results are based on simulated data. We found important and unexpected differences in incidence rates relative to those reported in Schatschneider et al., which are likely to impact longitudinal stability estimates. Specifically, present incidence rates suggest that the longitudinal stability of hybrid models are likely to be higher if the cut used is the 25th percentile, but slightly lower if the 15th percentile is used, and substantially lower if the 5th percentile is used. From a ML perspective, we compare the effectiveness of two decision tree-based methodologies: Classification and Regression Trees and Random Forest analyses using initial status and slopes for DIBELS 8 measures as predictors. Analyses are ongoing, but given findings to date, we expect these ML approaches that incorporate multiple measures and administrations to improve our ability to predict performance on a latent dyslexia construct, but that the stability of those estimates may differ depending on how dyslexia is operationalized, and the cut points chosen. Conclusions: Findings from this study offer educational stakeholders valuable information regarding the adequacy of using DIBELS 8 to screen for dyslexia longitudinally. Results to date suggest that, from the perspectives of content coverage and psychometric evidence, DIBELS 8 is well positioned to serve as a screener for dyslexia. Important questions remain regarding how to best operationalize risk for dyslexia and identify cut scores that balance accuracy, validity, and efficiency concerns.","","",NA,NA,"RAYYAN-INCLUSION: {""rater1""=>""Excluded"", ""rater2""=>""Included"", ""rater3""=>""Included""} | RAYYAN-LABELS: bloque 1 | USER-NOTES: {""rater1""=>[""no lo encuentro ""]}"
"rayyan-176872838","Cognitive Requirements of the Phonological Tests Affect Their Ability to Discriminate Children with and without Developmental Dyslexia",NA,1,1,"","",65,10,"","","","eng","",NA,"Purpose: The main purpose of this study was to investigate whether the performance on each of seven phonological processing (PP) tests from the Russian Test of Phonological Processing (RuToPP), with their varying levels of linguistic complexity and composite phonological indices, are significant predictors of developmental dyslexia (DD) and can reliably differentiate children with and without reading impairment. Additionally, we examined the general contribution of phonological skills to text reading fluency in children with various levels of reading performance. Method: A total of 173 Russian-speaking 7- to 11-year-old children participated in this study: 124 who were typically developing (TD) and 49 who had been diagnosed with DD. We assessed reading fluency with a standardized reading test and PP with the RuToPP. We investigated the potential of phonological skills to predict the presence or absence of a dyslexia diagnosis using multinomial logistic regression, receiver operating characteristic (ROC) curve analysis, and calculations of the sensitivity and specificity of each test and index. The contribution of phonological skills to reading fluency was also assessed in a mixed group of children. Results: Six of seven RuToPP tests were significant predictors of dyslexia. However, while the RuToPP correctly identified 93%-99% of TD children, for children with dyslexia, it ranged from 4% to 47% depending on the test. In a mixed group of children with and without dyslexia, performance in the more complex phonological tests was a stronger predictor of reading fluency. Conclusions: Our findings are consistent with the literature on predictors of literacy skills and dyslexia while uniquely demonstrating the impact of the complexity level of the phonological tests on the classification outcome. PP is a significant and necessary predictor of reading skills, but it is not sufficient for diagnostic purposes.","10.1044/2022_JSLHR-21-00687","",NA,NA,"RAYYAN-INCLUSION: {""rater1""=>""Excluded"", ""rater2""=>""Excluded"", ""rater3""=>""Excluded""} | RAYYAN-LABELS: bloque 1 | USER-NOTES: {""rater1""=>[""edad""]}"
"rayyan-176872839","The 'Sound of Silence': Sensitivity to Silent Letters in Children with and without Developmental Language Disorder",NA,1,1,"","",52,4,"","","","eng","",NA,"Purpose: Children with developmental language disorder (DLD) demonstrate general spelling difficulties. This study investigated accuracy on and sensitivity to silent letters in spelling in children with and without DLD. Investigating silent-letter production provides a window into orthographic and morphological knowledge and enhances understanding of children's spelling skills. Method: A group of children with DLD (M[subscript age] = 9;11 [years;months]) and two control groups of typically developing children (n = 30 in each group) were given a dictated spelling task of 44 words that each contained a derivational or a nonderivational silent letter. We coded the silent letter in each word and counted 1 point for each correctly spelled letter in order to examine accuracy on silent letters. Two error patterns were distinguished to analyze sensitivity to silent letters: silent-letter substitutions and silent-letter omissions. Results: Repeated-measures ANOVA showed that children with DLD produced significantly more errors on silent letters than did both control groups. Both control groups showed a greater sensitivity to silent-letter endings, as they tended to substitute incorrect silent letters where they made errors. In contrast, children with DLD tended to omit silent letters in their spelling attempts. Conclusions: Our results suggest that silent-letter production is a major source of difficulty for spellers, especially for those with DLD, who appear to lack sensitivity to silent letters. These results highlight the importance of promoting spelling instruction to enhance orthographic knowledge in children with DLD.","10.1044/2021_LSHSS-21-00004","",NA,NA,"RAYYAN-INCLUSION: {""rater1""=>""Excluded"", ""rater3""=>""Excluded""}"
"rayyan-176872842","Lexiroom: Web-Based Learning Media to Increase Phonological Awareness for Indonesian Dyslexic Children",NA,1,1,"","",12,4,"","","","eng","",NA,"Children with dyslexia may have adequate cognitive abilities but they often show considerable difficulties in reading where they are less accurate in spelling and pronouncing words. Phonological deficit is the main cause of reading disorders in dyslexic children, and hence, developing competence in phonological awareness is important to increase children's sensitivity to the structure of a word. This study aims to develop a web-based assistive technology called Lexiroom for Indonesian dyslexic children to increase their phonological awareness. This includes the aspects of syllable awareness, segmenting words into sounds, and manipulating sounds. As a preliminary study, the proposed learning media is implemented using a single subject design with a research and development approach. The results show that Lexiroom can improve the phonological awareness of a child diagnosed with dyslexia. However, Lexiroom still has limitations in doing speech recognition, so in making the next media it is necessary to consider the structure in speech recognition assets to minimize error answers that are inputted in the form of voice.","","",NA,NA,"RAYYAN-INCLUSION: {""rater1""=>""Excluded"", ""rater3""=>""Included""}"
"rayyan-176872843","Do Spelling and Vocabulary Improve Classification Accuracy of Children's Reading Difficulties over and above Word Reading?",NA,1,1,"","",58,2,"","","","eng","",NA,"It is widely recognized that individuals with dyslexia have difficulties with word reading and spelling, and individuals with reading comprehension difficulties have low vocabulary knowledge. However, little is known about the extent to which spelling and vocabulary are informative of reading difficulties. In the present study, we investigated whether information on students' spelling and vocabulary in kindergarten increases the precision of identifying students with reading difficulties, using longitudinal data from kindergarten to Grade 2. The sample was composed of 247 kindergartners (55% boys; 56% White children, 35% African American children, and 5% mixed-race children; 72% from low SES) who were followed to Grade 2. Spelling improved the accuracy of identifying students who experienced word reading difficulties in kindergarten and Grade 1. In contrast, vocabulary did not improve the accuracy of identifying students with reading difficulties over and above word reading and spelling. These results indicate the importance and utility of including spelling, in addition to word reading, as an integral part of accurately identifying children with reading difficulties as early as kindergarten. In addition, although vocabulary did not contribute additional predictive power, it is likely to exert its influence at a later phase of reading development. [For the corresponding grantee submission, see ED626819.]","10.1002/rrq.496","",NA,NA,"RAYYAN-INCLUSION: {""rater1""=>""Included"", ""rater2""=>""Included"", ""rater3""=>""Included""} | RAYYAN-LABELS: bloque 1 | USER-NOTES: {""rater1""=>[""no se si podemos incluirlo al ser un estudio longitudinal""]}"
"rayyan-176872845","The Neurocognitive Basis of Morphological Processing in Typical and Impaired Readers",NA,1,1,"","",72,2,"","","","eng","",NA,"Morphological awareness, or sensitivity to units of meaning, is an essential component of reading comprehension development. Current neurobiological models of reading and dyslexia have largely been built upon phonological processing models, yet reading for meaning is as essential as reading for sound. To fill this gap, the present study explores the relation between children's neural organization for morphological awareness and successful reading comprehension in typically developing and impaired readers. English-speaking children ages 6-11 (N = 97; mean age = 8.6 years, 25% reading impaired) completed standard literacy assessments as well as an auditory morphological awareness task during functional near-infrared spectroscopy (fNIRS) neuroimaging, which included root (e.g., PERSON + al) and derivational (e.g., quick + LY) morphology. Regression analyses revealed that children's morphological awareness predicted unique variance in reading comprehension above and beyond demographic factors, vocabulary knowledge, and decoding ability. Neuroimaging analyses further revealed that children with stronger reading comprehension showed greater engagement of brain regions associated with integrating sound and meaning, including left inferior frontal, middle temporal, and inferior parietal regions. This effect was especially notable for the derivational morphology condition that involved manipulating more analytically demanding and semantically abstract units (e.g., un-, -ly, -ion). Together, these findings suggest that successful reading comprehension, and its deficit in dyslexia, may be related to the ability to manipulate morpho-phonological units of word meaning and structure. These results inform theoretical perspectives on literacy and children's neural architecture for learning to read.","10.1007/s11881-021-00239-9","",NA,NA,"RAYYAN-INCLUSION: {""rater3""=>""Excluded""}"
"rayyan-176872853","Understanding Interest and Self-Efficacy in the Reading and Writing of Students with Persisting Specific Learning Disabilities during Middle Childhood and Early Adolescence",NA,1,1,"","",3,1,"","","","eng","",NA,"Three methodological approaches were applied to understand the role of interest and self-efficacy in reading and/or writing in students without and with persisting specific learning disabilities (SLDs) in literacy. For each approach students in grades 4 to 9 completed a survey in which they rated 10 reading items and 10 writing items on a Scale 1 to 5; all items were the same but domain varied. The first approach applied Principal Component Analysis with Varimax Rotation to a sample that varied in specific kinds of literacy achievement. The second approach applied bidirectional multiple regressions in a sample of students with diagnosed SLDs-WL to (a) predict literacy achievement from ratings on interest and self-efficacy survey items; and (b) predict ratings on interest and self-efficacy survey items from literacy achievement. The third approach correlated ratings on the surveys with BOLD activation on an fMRI word reading/spelling task in a brain region associated with approach/avoidance and affect in a sample with diagnosed SLDs-WL. The first approach identified two components for the reading items (each correlated differently with reading skills) and two components for the writing items (each correlated differently with writing skills), but the components were not the same for both domains. Multiple regressions supported predicting interest and self-efficacy ratings from current reading achievement, rather than predicting reading achievement from interest and self-efficacy ratings, but also bidirectional relationships between interest or self-efficacy in writing and writing achievement. The third approach found negative correlations with amygdala connectivity for 2 reading items, but 5 positive and 2 negative correlations with amygdala connectivity for writing items; negative correlations may reflect avoidance and positive correlations approach. Collectively results show the relevance and domain-specificity of interest and self-efficacy in reading and writing for students with persisting SLDs in literacy.","","",NA,NA,"RAYYAN-INCLUSION: {""rater3""=>""Excluded""}"
"rayyan-176872854","Characterizing the Knowledge of Educators Receiving Training in Systematic Literacy Instruction",NA,1,1,"","",69,1,"","","","eng","",NA,"Addressing the needs of students with dyslexia requires an in-depth knowledge of various components of a multi-dimensional approach to reading intervention, which is supported by an understanding of the structure of the language being taught. The current study explored the association between teacher knowledge of the English language and different stages of training provided through 2-year courses that meet the objectives of the International Dyslexia Association (IDA) standards of teacher knowledge and practice. It included 347 K-12 licensed teachers who were at various stages of training when they completed a test of knowledge in the areas of Phonological Sensitivity, Phonemic Awareness, Decoding, Spelling, and Morphology. The level of terminal degree (i.e., BA or MA) held by participating teachers and their amount of teaching experience did not predict performance on the test. In contrast, participating teachers differed in their level of knowledge as a function of how much training they had received as part of a 2-year course. Increased training was associated with elevated levels of knowledge. Moreover, teachers who completed the 2-year training program and went on to obtain certification through a national certifying organization had reliably greater knowledge than those who had not. Additionally, the weakest domains of knowledge across all teachers were in spelling and morphology, suggesting a need for improved training in these domains, given that they are identified deficiencies for persistently poor responders to reading intervention and in children presenting with late emerging forms of reading disability.","10.1007/s11881-018-00174-2","",NA,NA,"RAYYAN-INCLUSION: {""rater1""=>""Excluded"", ""rater2""=>""Excluded"", ""rater3""=>""Excluded""} | RAYYAN-LABELS: bloque 1 | USER-NOTES: {""rater1""=>[""lo mismo no se evalua los niños""]}"
"rayyan-176872859","Perception of Stop Onset Spectra in Chinese Children with Phonological Dyslexia",NA,1,1,"","",18,4,"","","","eng","",NA,"The ability to identify stop consonants from brief onset spectra was compared between a group of Chinese children with phonological dyslexia (the PD group, with a mean age of 10 years 4 months) and a group of chronological age-matched control children. The linguistic context, which included vowels and speakers, and durations of stop onset spectra were varied. Children with PD showed lower identification accuracy and exhibited a smaller vowel context effect for some stop-vowel combinations compared with the chronological age-matched control group. Further analyses revealed that the PD group had more variable response patterns, and their responses were less consistent with the acoustic characteristics of stop onset spectra. The results suggest that Chinese children with PD do not show greater sensitivity to allophonic acoustic variability compared with control children and exhibit a generally less robust response pattern to phonetic categories. (Contains 2 tables and 3 figures.)","10.1002/dys.1445","",NA,NA,"RAYYAN-INCLUSION: {""rater3""=>""Excluded""}"
"rayyan-176872863","Statistical Learning of Speech Sounds in Dyslexic and Typical Reading Children",NA,1,1,"","",23,1,"","","","eng","",NA,"Statistical learning has been proposed to underlie the developmental transition during infancy from allophonic to phonemic speech sound perception. Based on this, it can be hypothesized that in dyslexic individuals, core phonemic representation deficits arise from reduced sensitivity to the statistical distribution of sounds. This study aims to investigate (a) whether statistical learning contributes to the construction of phonemic representations in typical readers, and (b) whether deficits in statistical learning underlie dyslexia. Fifty-eight children performed an identification task of a non-native phonetic contrast, before and after exposure to the sounds of the continuum. Our results suggest that the statistical distribution of the presented sounds implicitly enhanced the formation of phonemic representations and that dyslexic readers make less use of the statistical cues embedded in oral language, resulting in less distinct phonemic categories and thus a higher risk for failing to establish robust connections between these and written language.","10.1080/10888438.2018.1473404","",NA,NA,"RAYYAN-INCLUSION: {""rater3""=>""Included""}"
"rayyan-176872868","Size Does Not Matter, Frequency Does: Sensitivity to Orthographic Neighbors in Normal and Dyslexic Readers",NA,1,1,"","",106,2,"","","","eng","",NA,"This study examined the influence of the number of orthographically similar candidates, neighborhood size, on the word and pseudoword naming performance of normal, dyslexic, and beginning readers. Participants were 23 Dutch dyslexic fourth-graders matched to 23 fourth-grade chronological age controls and 17 second-grade reading age controls. Unexpectedly, neighborhood size had similar effects in all groups: It did not affect word naming and facilitated the naming of pseudowords. However, the presence of a high-frequency neighbor had different effects. In contrast to normal readers, words with a high-frequency neighbor were named more slowly by beginning and dyslexic readers. These findings suggest a dissociation between global and specific effects of neighbor words. Nevertheless, both findings seem to be compatible with the view that orthographic representations of beginning and dyslexic children are not (yet) sufficiently specified. (Contains 4 tables.)","10.1016/j.jecp.2010.01.004","",NA,NA,"RAYYAN-INCLUSION: {""rater3""=>""Excluded""}"
"rayyan-176872869","Making Higher Education More Accessible. The Development of a Dyslexia Information Pack.",NA,1,1,"","",2,1,"","","","eng","",NA,"Research on making higher education more accessible for learners with dyslexia was used to create an information pack for adult learners and teachers. The pack includes information on dyslexia, study skills, university support, assessment, transition, color sensitivity and resources; it provides screening and support information for academic staff. (SK)","","",NA,NA,"RAYYAN-INCLUSION: {""rater3""=>""Excluded""}"
"rayyan-176872870","Symbol-String Sensitivity and Children's Reading",NA,1,1,"","",89,3,"","","","eng","",NA,"In this study of primary school children, a novel ""symbol-string"" task is used to assess sensitivity to the position of briefly presented non-alphabetic but letter-like symbols. The results demonstrate that sensitivity in the symbol-string task explains a unique proportion of the variability in children's contextual reading accuracy. Moreover, developmental dyslexic readers show reduced sensitivity in this task, compared to chronological age controls. The results suggest that limitations set by visuo-spatial processes and/or attentional iconic memory resources may constrain children's reading accuracy.","10.1016/j.bandl.2004.01.009","",NA,NA,""
"rayyan-176872871","Neural Evidence of Allophonic Perception in Children at Risk for Dyslexia",NA,1,1,"","",50,8,"","","","eng","",NA,"Learning to read is a complex process that develops normally in the majority of children and requires the mapping of graphemes to their corresponding phonemes. Problems with the mapping process nevertheless occur in about 5% of the population and are typically attributed to poor phonological representations, which are--in turn--attributed to underlying speech processing difficulties. We examined auditory discrimination of speech sounds in 6-year-old beginning readers with a familial risk of dyslexia (""n"" = 31) and no such risk (""n"" = 30) using the mismatch negativity (MMN). MMNs were recorded for stimuli belonging to either the same phoneme category (acoustic variants of /b[schwa]/) or different phoneme categories (/b[schwa]/ vs. /d[schwa]/). Stimuli from different phoneme categories elicited MMNs in both the control and at-risk children, but the MMN amplitude was clearly lower in the at-risk children. In contrast, the stimuli from the same phoneme category elicited an MMN in only the children at risk for dyslexia. These results show children at risk for dyslexia to be sensitive to acoustic properties that are irrelevant in their language. Our findings thus suggest a possible cause of dyslexia in that they show 6-year-old beginning readers with at least one parent diagnosed with dyslexia to have a neural sensitivity to speech contrasts that are irrelevant in the ambient language. This sensitivity clearly hampers the development of stable phonological representations and thus leads to significant reading impairment later in life. (Contains 3 tables and 2 figures.)","10.1016/j.neuropsychologia.2012.04.026","",NA,NA,""
"rayyan-176872874","Characterizing the Knowledge of Educators across the Tiers of Instructional Support",NA,1,1,"","",72,1,"","","","eng","",NA,"Translating the research base on effective reading instruction to the classroom has been a challenge. The delivery of these instructional methods requires practical skills coupled with an understanding of the aspects of language being taught. The purpose of this study was to explore the level of literacy knowledge of the English language held by educators who provide instruction to students in the primary grades. Data from 1369 classroom teachers, 74 reading interventionists, and 131 special educators comprising the analytic sample were collected as part of a training initiative in a US state. Participating educators completed a 50-item test of phonological sensitivity, phonemic awareness, decoding, encoding, and morphology. Multiple regression analyses confirmed differences in the levels of knowledge observed between the groups of educators. Reading interventionists demonstrated greater knowledge than classroom teachers and special educators in the total proportion of correct responses and across each domain. Classroom teachers demonstrated greater knowledge than special educators in phonological sensitivity and decoding but did not differ from each other in phonemic awareness, encoding, or morphology knowledge. Special educators provide intervention to students with the most severe forms of reading disabilities, yet they had the lowest level of knowledge. In contrast, reading interventionists, who provide intervention within general education, had the highest levels of knowledge. These findings suggest a need to elevate the knowledge of special educators and consider reading interventionists' role in supporting students identified with a specific learning disability in reading.","10.1007/s11881-021-00242-0","",NA,NA,"RAYYAN-INCLUSION: {""rater1""=>""Excluded"", ""rater2""=>""Excluded"", ""rater3""=>""Excluded""} | RAYYAN-LABELS: bloque 1 | USER-NOTES: {""rater1""=>[""no evalua los niños""]}"
"rayyan-176872875","Anchoring the Deficit of the Anchor Deficit: Dyslexia or Attention?",NA,1,1,"","",16,2,"","","","eng","",NA,"In the anchoring deficit hypothesis of dyslexia (""Trends Cogn. Sci."", 2007; 11: 458-465), it is proposed that perceptual problems arise from the lack of forming a perceptual anchor for repeatedly presented stimuli. A study designed to explicitly test the specificity of the anchoring deficit for dyslexia is presented. Four groups, representing all combinations of reading skills (high or low) and attention (high or low), were given a time estimation task in which a standard tone was compared with tones of varying length. Poor readers showed problems only if they had limited attentional skills as well, while poor readers with good attention were unaffected. It is concluded that a single deficit in time estimation is not sufficient to cause reading deficits. (Contains 1 table and 1 figure.)","10.1002/dys.404","",NA,NA,"RAYYAN-INCLUSION: {""rater1""=>""Excluded"", ""rater2""=>""Excluded"", ""rater3""=>""Included""} | RAYYAN-LABELS: bloque 1 | USER-NOTES: {""rater1""=>[""por comorbilidad""]}"
"rayyan-176872879","Dynamic Visual Perception and Reading Development in Chinese School Children",NA,1,1,"","",61,2,"","","","eng","",NA,"The development of reading skills may depend to a certain extent on the development of basic visual perception. The magnocellular theory of developmental dyslexia assumes that deficits in the magnocellular pathway, indicated by less sensitivity in perceiving dynamic sensory stimuli, are responsible for a proportion of reading difficulties experienced by dyslexics. Using a task that measures coherent motion detection threshold, this study examined the relationship between dynamic visual perception and reading development in Chinese children. Experiment 1 compared the performance of 27 dyslexics and their age- and IQ-matched controls in the coherent motion detection task and in a static pattern perception task. Results showed that only in the former task did the dyslexics have a significantly higher threshold than the controls, suggesting that Chinese dyslexics, like some of their Western counterparts, may have deficits in magnocellular pathway. Experiment 2 examined whether dynamic visual processing affects specific cognitive processes in reading. One hundred fifth-grade children were tested on visual perception and reading-related tasks. Regression analyses found that the motion detection threshold accounted for 11% and 12%, respectively, variance in the speed of orthographic similarity judgment and in the accuracy of picture naming after IQ and vocabulary size were controlled. The static pattern detection threshold could not account for any variance. It is concluded that reading development in Chinese depends to a certain extent on the development of dynamic visual perception and its underlying neural pathway and that the impact of visual development can be specifically related to orthographic processing in reading Chinese.","10.1007/s11881-010-0049-2","",NA,NA,"RAYYAN-INCLUSION: {""rater1""=>""Excluded"", ""rater2""=>""Excluded"", ""rater3""=>""Excluded""} | RAYYAN-LABELS: bloque 1"
"rayyan-176872880","Preschool Impairments in Auditory Processing and Speech Perception Uniquely Predict Future Reading Problems",NA,1,1,"","",32,2,"","","","eng","",NA,"Developmental dyslexia is characterized by severe reading and spelling difficulties that are persistent and resistant to the usual didactic measures and remedial efforts. It is well established that a major cause of these problems lies in poorly specified phonological representations. Many individuals with dyslexia also present impairments in auditory temporal processing and speech perception, but it remains debated whether these more basic perceptual impairments play a role in causing the reading problem. Longitudinal studies may help clarifying this issue by assessing preschool children before they receive reading instruction and by following them up through literacy development. The current longitudinal study shows impairments in auditory frequency modulation (FM) detection, speech perception and phonological awareness in kindergarten and in grade 1 in children who receive a dyslexia diagnosis in grade 3. FM sensitivity and speech-in-noise perception in kindergarten uniquely contribute to growth in reading ability, even after controlling for letter knowledge and phonological awareness. These findings indicate that impairments in auditory processing and speech perception are not merely an epiphenomenon of reading failure. Although no specific directional relations were observed between auditory processing, speech perception and phonological awareness, the highly significant concurrent and predictive correlations between all these variables suggest a reciprocal association and corroborate the evidence for the auditory deficit theory of dyslexia. (Contains 3 figures and 3 tables.)","10.1016/j.ridd.2010.12.020","",NA,NA,""
"rayyan-176872881","Self-Teaching in Normal and Disabled Readers",NA,1,1,"","",17,7,"","","","eng","",NA,"This study set out to investigate the self-teaching of good and poor readers in pointed Hebrew--a highly regular orthography. Four groups of children (three groups in Grades 4 to 6, and one group in Grade 2) were included in this study; poor readers with large discrepancies between IQ and reading (""dyslexics""), IQ-nondiscrepant poor readers (non-dyslexic or ""garden-variety"" poor readers), chronological-age matched normal readers, and a group of younger normal readers matched to the older garden-variety group on both reading and mental age. It was hypothesized that primary deficits in phonological recoding (decoding) would impair the identification of novel target words (fictitious names of fruits/towns/stars/coins, etc.) appearing in text, which, in turn, would lead to deficient orthographic memory for target spellings. Alternative predictions were derived with regard to the degree of orthographic deficiency. According to the ""compensatory processing"" hypothesis, orthographic learning was expected to be relatively ""less"" impaired among disabled readers compared to normal readers. The alternative ""dissociation"" hypothesis, on the other hand, predicts that disabled readers' orthographic learning would be significantly ""more"" impaired than that of normal readers. Neither hypothesis was supported. Impaired orthographic learning, commensurate with levels of target decoding success, was evident in the post-test spelling and orthographic choices of both groups of poor readers. Indeed, a close link was observed between levels of target word decoding and the acquisition of orthographic information among all three older groups of children. No qualitative differences between dyslexics and garden-variety poor readers emerged in patterns of self-teaching. While the data from the three older groups supported a model of developmental delay rather than deviance, findings from the younger reading-age/mental-age controls revealed startling qualitative divergence in orthographic learning. No statistically reliable evidence was obtained for orthographic learning in these younger beginning readers who displayed an essentially ""surface"" pattern of non-lexical reading. A hybrid ""orthographic sensitivity"" hypothesis was proposed to account for these data, according to which an initially surface-style of word reading engendered by a highly regular orthography gives way to a highly specialized ""print-specific"" (orthographic) processing advantage that develops in the course of the second school year as an outgrowth of a critical volume of print experience.","10.1007/s11145-004-2658-9","",NA,NA,""
"rayyan-177322683","Gender Differences in Developmental Dyscalculia Depend on Diagnostic Criteria",NA,1,1,"","",27,NA,"","","","eng","",NA,"Developmental dyscalculia (DD) is a learning difficulty specific to mathematics learning. The prevalence of DD may be equivalent to that of dyslexia, posing an important challenge for effective educational provision. Nevertheless, there is no agreed definition of DD and there are controversies surrounding cutoff decisions, specificity and gender differences. In the current study, 1004 British primary school children completed mathematics and reading assessments. The prevalence of DD and gender ratio were estimated in this sample using different criteria. When using absolute thresholds, the prevalence of DD was the same for both genders regardless of the cutoff criteria applied, however gender differences emerged when using a mathematics-reading discrepancy definition. Correlations between mathematics performance and the control measures selected to identify a specific learning difficulty affect both prevalence estimates and whether a gender difference is in fact identified. Educational implications are discussed. (Contains 5 figures and 2 tables.)","10.1016/j.learninstruc.2013.02.004","",NA,NA,""
"rayyan-177322684","Are Poor Chinese Text Comprehenders Also Poor in Written Composition?",NA,1,1,"","",63,3,"","","","eng","",NA,"We studied the performance in three genres of Chinese written composition (narration, exposition, and argumentation) of 158 grade 4, 5, and 6 poor Chinese text comprehenders compared with 156 good Chinese text comprehenders. We examined text comprehension and written composition relationship. Verbal working memory (verbal span working memory and operation span working memory) and different levels of linguistic tasks--morphological sensitivity (morphological compounding and morphological chain), sentence processing (syntax construction and syntax integrity), and text comprehension (narrative and expository texts)--were used to predict separately narrative, expository, and argumentation written compositions in these students. Grade for grade, the good text comprehenders outperformed the poor text comprehenders in all tasks, except for morphological chain. Hierarchical multiple regression analyses showed differential contribution of the tasks to different genres of writing. In particular, text comprehension made unique contribution to argumentation writing in the poor text comprehenders. Future studies ashould ask students to read and write parallel passages in the same genre for better comparison and incorporate both instructional and motivational variables.","10.1007/s11881-013-0081-0","",NA,NA,"RAYYAN-INCLUSION: {""rater1""=>""Excluded"", ""rater2""=>""Excluded"", ""rater3""=>""Excluded""} | RAYYAN-LABELS: bloque 1 | USER-NOTES: {""rater1""=>[""edad""]}"
"rayyan-177322685","A Cognitive Tool to Diagnose Predominantly Inattentive ADHD Behavior",NA,1,1,"","",7,3,"","","","eng","",NA,"Poor performance on tests of reading comprehension could be the result of weak word-recognition skills, inconsistent attention (ADD), or a combination of the two. Identifying the source of the reading disability (RD) reliably has been difficult because inconsistent attention interferes with reading and weak word recognition skill makes attention wander. The situation is further complicated by the fact that there are no objective diagnostic tests for ADD (Breggin, 1998; Diller, 1998). We proposed a new model of differential diagnosis of ADHD-I/RD and field-tested its utility in two studies. The new diagnostic procedure utilizes intra-individual differences seen in the performance of at-risk learners on tasks related to reading that vary in the degree of sustained attention required for successful performance. The hypothesis is that children whose attention is inconsistent would perform more poorly on tests such as listening comprehension, which require sustained attention, than on tests such as reading comprehension, which are more tolerant of inattention. Such differences will not be seen in the test scores of children who have only a reading disability because their performance on reading tests is determined more by the difficulty level of the tests than by the sensitivity of the tests to attention. The validity of this new model was evaluated by determining the relationship between differences seen in the scores of tests that differ in their attention requirement and the degree of inconsistency in sustained attention as measured by Conners' CPT. The results of the two studies indicate this to be a viable approach. The results of the second study are presented in this report. (Contains 4 tables.)","10.1177/108705470400700301","",NA,NA,"RAYYAN-INCLUSION: {""rater1""=>""Excluded"", ""rater2""=>""Excluded"", ""rater3""=>""Excluded""} | RAYYAN-LABELS: bloque 1 | USER-NOTES: {""rater1""=>[""por comorbilidad con tdah""]}"
"rayyan-177322686","Semantic Priming Effects in Normal versus Poor Readers",NA,1,1,"","",165,1,"","","","eng","",NA,"The authors studied sensitivity to semantic priming, as distinct from semantic judgment, in poor readers. Association strength (high vs. low semantic association) was manipulated factorially with semantic association type (categoric vs. thematic association). Participants were 11-year-old poor readers (n = 15) who were matched with a group of chronological-age controls (n = 13), and also matched with a group of reading-age controls (n = 15). Three priming conditions were used: related, unrelated, and neutral prime. Neutral primes consisted of a row of hash marks. Related primes elicited shorter decision latencies than did unrelated primes. Neutral primes elicited the slowest responses in all groups. Poor readers showed an additional delay in the neutral prime condition. No effects of association type (categorical vs. thematic) or association strength (high vs. low) were found, nor were any relationship with reading ability found. The delayed performance of the poor readers on neutral primes is explained in terms of orthographic processing and dependency on grapheme-phoneme relationships. The findings are discussed with reference to F. R. Vellutino, D. M. Scanlon, and D. Spearing's (1995) work on semantic processing and reading ability. (Contains 2 tables.)","10.3200/GNTP.165.1.67-80","",NA,NA,""
"rayyan-177322687","The Effect of a Phonological Awareness Intervention Program on Phonological Memory, Phonological Sensitivity, and Metaphonological Abilities of Preschool Children At-Risk for Reading Disabilities",NA,1,1,"","",3,2,"","","","eng","",NA,"The purpose of this study was to explore the effect of a phonological awareness intervention program on phonological memory, phonological sensitivity, and metaphonological abilities of preschool children at-risk for reading disabilities. The participants in this study were 40 preschool children selected from three preschools located within three elementary schools in Baltim Educational Edara. A pre-post design was used to examine the effectiveness of the phonological awareness intervention program on phonological memory, phonological sensitivity, and metaphonological abilities of the target children. Findings from this study indicated the effectiveness of the phonological awareness intervention program on phonological memory, phonological sensitivity, and metaphonological abilities of the target children. On the basis of the findings, the study advocated for the effectiveness of the phonological awareness intervention program employed on phonological memory, phonological sensitivity, and metaphonological abilities of the target children.","","",NA,NA,""
"rayyan-177322688","Classroom-Based Phonological Sensitivity Intervention (PSI) Using a Narrative Platform: An Experimental Study of First Graders at Risk for a Reading Disability",NA,1,1,"","",33,1,"","","","eng","",NA,"The purpose of this study was to assess the effectiveness of classroom-based phonological sensitivity intervention (PSI) using a narrative platform for children in first grade who are at risk for a reading disability. Participants consisted of 59 first graders identified as at risk for later reading impairments. At-risk designation was dictated by one or both of the following factors: (a) economically disadvantaged socioeconomic status background and/or (b) speech-language impairment. Using an experimental group design, four first-grade classrooms were randomly assigned to either the experimental group or the control group. The experimental group's performance on the pre- and posttest reading measures was compared to that of the control group. Findings suggest that phonological sensitivity intervention using a narrative platform promoted positive early reading skill outcomes for first-grade participants at risk for reading disabilities. (Contains 2 tables.)","10.1177/1525740109356800","",NA,NA,"RAYYAN-INCLUSION: {""rater1""=>""Included"", ""rater2""=>""Excluded"", ""rater3""=>""Included""} | RAYYAN-LABELS: bloque 1"
"rayyan-177322690","Validity of a Protocol for Adult Self-Report of Dyslexia and Related Difficulties",NA,1,1,"","",18,1,"","","","eng","",NA,"Background: There is an increased prevalence of reading and related difficulties in children of dyslexic parents. In order to understand the causes of these difficulties, it is important to quantify the risk factors passed from parents to their offspring. Method: 417 adults completed a protocol comprising a 15-item questionnaire rating reading and related skills and a scale assessing ADHD symptoms; 344 completed reading, nonword reading and spelling tests. Results: A confirmatory factor analysis with four factors (Reading, Word Finding, Attention and Hyperactivity) provided a reasonable fit to the data. The Reading Factor showed robust correlations with measured literacy skills. Adults who reported as dyslexic, or rated their reading difficulties as more severe, gained lower scores on objective measures of literacy skills. Although the sensitivity of the new scale was acceptable, it tended to miss some cases of low literacy. Conclusions: Self-report scales of reading and of attention difficulties are useful for identifying adults with reading and attention difficulties which may confer risks on their children of related problems. It is important for research following children at family risk of dyslexia to be aware of these effects. (Contains 6 tables and 1 figure.)","10.1002/dys.1432","",NA,NA,""
"rayyan-177329507","A new self‐report inventory of dyslexia for students: Criterion and construct validity.",NA,1,1,"","",21,1,"","","","eng","John Wiley & Sons",NA,"The validity of a Dutch self‐report inventory of dyslexia was ascertained in two samples of students. Six biographical questions, 20 general language statements and 56 specific language statements were based on dyslexia as a multi‐dimensional deficit. Dyslexia and non‐dyslexia were assessed with two criteria: identification with test results (Sample 1) and classification using biographical information (both samples). Using discriminant analyses, these criteria were predicted with various groups of statements. All together, 11 discriminant functions were used to estimate classification accuracy of the inventory. In Sample 1, 15 statements predicted the test criterion with classification accuracy of 98%, and 18 statements predicted the biographical criterion with classification accuracy of 97%. In Sample 2, 16 statements predicted the biographical criterion with classification accuracy of 94%. Estimations of positive and negative predictive value were 89% and 99%. Items of various discriminant functions were factor analysed to find characteristic difficulties of students with dyslexia, resulting in a five‐factor structure in Sample 1 and a four‐factor structure in Sample 2. Answer bias was investigated with measures of internal consistency reliability. Less than 20 self‐report items are sufficient to accurately classify students with and without dyslexia. This supports the usefulness of self‐assessment of dyslexia as a valid alternative to diagnostic test batteries. (PsycInfo Database Record (c) 2022 APA, all rights reserved)","10.1002/dys.1492","",NA,NA,"RAYYAN-INCLUSION: {""rater1""=>""Excluded"", ""rater2""=>""Excluded"", ""rater3""=>""Included""} | RAYYAN-LABELS: bloque 1 | USER-NOTES: {""rater1""=>[""leei que utilizaron edades entre 17-25 años ""]}"
"rayyan-177329508","Subjective criteria and illusions in visual testing: Some methodological limitations.",NA,1,1,"","",78,1,"","","","eng","Springer",NA,"It is argued that illusions cannot generally be investigated with criterion-independent methods. This limits the value of the data obtained from them. This is particularly important when the results are compared between groups of subjects, for example, between dyslexic readers and controls, since it is possible that the differences between the groups reflect differences with regard to criteria rather than real perceptual differences. (PsycINFO Database Record (c) 2016 APA, all rights reserved)","10.1007/s00426-013-0482-z","",NA,NA,""
"rayyan-177329509","Which tasks best discriminate between dyslexic university students and controls in a transparent language?",NA,1,1,"","",17,3,"","","","eng","John Wiley & Sons",NA,"The need for a battery for testing adult dyslexia, and especially university students, is being increasingly recognized in view of the increased number of adult requests for a dyslexia examination in relation to both assistance and protection from discrimination. The present study examines the discriminative validity of a battery we have developed—the Battery for the Assessment of Reading and Writing in Adulthood—through comparison of the performance of 24 university students with a history of severe developmental dyslexia and 99 controls. All the reading, writing, lexical decision and spelling tasks of the battery, except omissions in a lexical decision task and reading comprehension, showed a good discriminatory power. In addition, use of just two of these tasks (fluency in reading a text and spelling under articulatory suppression) gave 87% sensitivity and 97% specificity. Our results confirm that in transparent languages, measures of phonological automaticity are the best indexes of reading decoding competence, particularly in adults. (PsycINFO Database Record (c) 2016 APA, all rights reserved)","10.1002/dys.431","",NA,NA,""
"rayyan-177329510","Visual stress and its relationship to dyslexia.",NA,1,1,"","",NA,NA,"","","","eng","Oxford University Press",NA,"Visual stress is the subjective experience of unpleasant visual symptoms when reading (especially for prolonged duration) and in response to some other visual stimuli. The symptoms of the condition fall into two main categories: (1) Visual-perceptual distortions and illusions, including illusions of shape, motion, and colour in the text, blurring, and double vision; (2) aesthenopia (discomfort; sore or tired eyes; headaches; photophobia) (Sheedy et al., 2003; Borsting et al., 2007). There is a strong case for screening for visual stress in all children because the condition disrupts the reading process, which, in turn, has detrimental effects on the development of fluency and comprehension. Remedial action to alleviate the symptoms of visual stress is important in order to minimize negative consequences of the condition throughout schooling, in further and higher education, as well as in employment (Wilkins, 2002; Grant, 2004; Singleton and Trotter, 2005). Where individuals have visual stress comorbid with dyslexia there is likely to be a multiplicative detrimental effect on reading (Singleton, 2008). As combined result of lack of reading experience and the reading style that dyslexics are forced to adopt, the sensitivity threshold for visual stress is likely to be shifted, making them more sensitive to the physical characteristics of text (such as contrast, glare, stripedness, and font size) and increasing their risk of experiencing the unpleasant symptoms of visual stress. It is therefore particularly important that children who are already known to have dyslexia are also screened for visual stress, since not only is their risk of visual stress much greater than that found in other individuals but, also, if they do suffer from visual stress, the repercussions of remaining untreated are likely to be of more profound. The identification of visual stress in schools is now a straightforward task for teachers using a choice of readily accessible methods that include objective computer-based screening, and the availability of efficacious treatment with coloured tints provides cost-effective solutions that are easy to use in the classroom and at home. (PsycINFO Database Record (c) 2019 APA, all rights reserved)","10.1093/acprof:oso/9780199589814.003.0006","",NA,NA,""
"rayyan-177329511","Hitting the moving target known as reading development: Some thoughts on screening children for secondary interventions.",NA,1,1,"","",38,6,"","","","eng","PRO-ED",NA,"Attention to growth may net more accurate screening results than have been apparent in the long history of early identification research. Instead of relying solely on measures administered at one time point, including a measure of children's growth or responsiveness may add an important dimension to the screening equation and provide a clearer view of who may require secondary intervention. Several possibilities were examined that led to suggestions for further research. It was recommended that screening for secondary interventions be viewed as a three-legged stool that incorporates not only individual differences at the screen and outcome but also development conceptualized as rate of learning. (PsycINFO Database Record (c) 2016 APA, all rights reserved)","10.1177/00222194050380060301","",NA,NA,""
"rayyan-177329512","Comparisons of cutoff and regression-based definitions of reading disabilities.",NA,1,1,"","",22,6,"","","","eng","PRO-ED",NA,"Investigated specificity in reading disability by comparing 2 approaches to defining and selecting children with reading disabilities. One approach defined reading disability according to cutoff scores representing appropriate levels of intelligence and reading deficiency, whereas the other approach adjusted these scores for their intercorrelation through regression procedures. Results reveal differences in which of 1,069 children (aged 9–14 yrs) were identified as reading disabled, depending on the definition used. However, differences in neuropsychological performance between Ss whose reading scores were discrepant or not discrepant with their IQ scores were small and nonspecific for both definitions. (PsycINFO Database Record (c) 2016 APA, all rights reserved)","10.1177/002221948902200603","",NA,NA,"RAYYAN-INCLUSION: {""rater1""=>""Excluded"", ""rater2""=>""Excluded"", ""rater3""=>""Excluded""} | RAYYAN-LABELS: bloque 1"
"rayyan-177329513","Science, Sophistry and 'Commercial Sensitivity': Comments on 'Evaluation of an Exercise-based Treatment for Children with Reading Difficulties', by Reynolds, Nicolson and Hambly.",NA,1,1,"","",9,3,"","","","eng","John Wiley & Sons",NA,"Comments on the study by Reynolds, Nicolson, and Hambly which was to provide an evaluation of the DDAT treatment intervention'. In this comment, we identify significant flaws in the methodology of the research. We also identify problems with the analysis and interpretation of the results. We focus on two main problems: selection effects and statistical regression. Selection effects include poor participant sampling and inadequate matching. Reynolds et al. report that 35 children were selected who were 'potentially at risk of reading difficulty' because they scored at least 0.4 on the Dyslexia Screening Test (DST). The second issue is the assignment of children to either the DDAT treatment group or a non-intervention 'control' group. We have strong reservations about the validity of the Reynolds et al. study and the weaknesses we have identified render the data at best uninterpretable with respect to the efficacy of the treatment. These considerations should rightly signal caution on the part of advocates of the programme but the findings have already been widely publicised to promote the treatment. (PsycINFO Database Record (c) 2016 APA, all rights reserved)","10.1002/dys.258","",NA,NA,""
"rayyan-177329514","Lateralized temporal order judgement in dyslexia.",NA,1,1,"","",47,14,"","","","eng","Elsevier Science",NA,"Temporal and spatial attentional deficits in dyslexia were investigated using a lateralized visual temporal order judgment (TOJ) paradigm that allowed both sensitivity to temporal order and spatial attentional bias to be measured. Findings indicate that adult participants with a positive screen for dyslexia were significantly less sensitive to the temporal order of the stimuli than control participants, but did not show a significantly different lateral bias. However, the data indicated that performance on the TOJ task dissociated into at least three factors. One loaded on trials with long Stimulus Onset Asynchronies (SOA) and was strongly correlated with full-scale IQ (FSIQ), and, while also correlated with both poor reading and with symptoms of attentional deficit disorder, was not specific to these. The second factor loaded on trials with short SOAs in which the left stimulus was presented first. Low scores on this factor were associated with poor non-word reading accuracy, and factor scores accounted for variance in non-word reading accuracy that was not accounted for by either FSIQ or the presence of a phonological deficit. This suggests that a 'left mini-neglect' syndrome, also reported in attention deficit and hyperactivity disorder, may directly contribute to poor non-word reading. However, attentional deficit symptoms loaded not only on this factor, but also on a third factor, representing on trials at short SOAs in which the first stimulus was presented in left hemifield. This suggests that attentional deficit symptoms impaired temporal processing at short SOAs, regardless of the hemifield in with the stimuli were presented. We conclude that people with attentional deficits find a visual TOJ task difficult when the stimuli are presented rapidly, regardless of FSIQ, and that where a rightward attentional bias is present, non-word reading accuracy may be directly impaired, even in the absence of a phonological deficit. (PsycINFO Database Record (c) 2018 APA, all rights reserved)","10.1016/j.neuropsychologia.2009.08.007","",NA,NA,""
"rayyan-177329515","Language development, literacy skills, and predictive connections to reading in Finnish children with and without familial risk for dyslexia.",NA,1,1,"","",43,4,"","","","eng","Sage Publications",NA,"Discriminative language markers and predictive links between early language and literacy skills were investigated retrospectively in the Jyväskylä Longitudinal Study of Dyslexia in which children at familial risk for dyslexia have been followed from birth. Three groups were formed on the basis of 198 children’s reading and spelling status. One group of children with reading disability (RD; n = 46) and two groups of typical readers from nondyslexic control (TRC; n = 84) and dyslexic families (TRD; n = 68) were examined from age 1.5 years to school age. The RD group was outperformed by typical readers on numerous language and literacy measures (expressive and receptive language, morphology, phonological sensitivity, RAN, and letter knowledge) from 2 years of age onward. The strongest predictive links emerged from receptive and expressive language to reading via measures of letter naming, rapid naming, morphology, and phonological awareness. (PsycINFO Database Record (c) 2016 APA, all rights reserved)","10.1177/0022219410369096","",NA,NA,""
"rayyan-177329516","The relationship between visual crowding and letter confusability: Towards an understanding of dyslexia in posterior cortical atrophy.",NA,1,1,"","",26,5,"","","","eng","Taylor & Francis",NA,"Visual crowding is a form of masking in which target identification is hindered by excessive feature integration from other stimuli in the vicinity. It has previously been suggested that excessive visual crowding constitutes one specific form of early-visual-processing deficit, which may be observed in individuals with posterior cortical atrophy (PCA). This study investigated whether excessive visual crowding plays a significant role in the acquired dyslexia of two PCA patients, whose reading was characterized by visual paralexias. The patients were administered a series of letter, flanked letter, and word recognition tasks, and the effects of letter spacing and letter confusability upon response accuracy and latency were measured. In both patients, the results showed (a) evidence of excessive visual crowding, (b) a significant interaction between letter spacing and confusability on flanked letter identification tasks, and (c) effects of letter confusability affecting flanked but not unflanked letter identification. However, only mild improvements in reading accuracy were achieved in the experimental manipulations of interletter spacing within words because these manipulations had a dual effect: Increasing spacing improved individual letter identification but damaged whole-word form and/or parallel letter processing. We consider the implications of these results for the characterization of dyslexia in PCA, the design of reading rehabilitation strategies, and the relationship between visual crowding and letter confusability. In particular, we argue that the reading deficits observed in our patients cannot be accounted for solely in terms of a very low signal-to-noise ratio for letter identification, and that an additional crowding deficit is implicated in which excessive integration of fundamental letter features leads to the formation of incorrect letter percepts. (PsycInfo Database Record (c) 2024 APA, all rights reserved)","10.1080/02643290903465819","",NA,NA,""
"rayyan-177329517","Visual search deficits are independent of magnocellular deficits in dyslexia.",NA,1,1,"","",62,1,"","","","eng","Springer",NA,"The aim of this study was to investigate the theory that visual magnocellular deficits seen in groups with dyslexia are linked to reading via the mechanisms of visual attention. Visual attention was measured with a serial search task and magnocellular function with a coherent motion task. A large group of children with dyslexia (<i>n</i> = 70) had slower serial search times than a control group of typical readers. However, the effect size was small (η²<sub>p</sub> = 0.05) indicating considerable overlap between the groups. When the dyslexia sample was split into those with or without a magnocellular deficit, there was no difference in visual search reaction time between either group and controls. The data suggest that magnocellular sensitivity and visual spatial attention weaknesses are independent of one another. They also provide more evidence of heterogeneity in response to psychophysical tasks in groups with dyslexia. Alternative explanations for poor performance on visual attention tasks are proposed along with avenues for future research. (PsycINFO Database Record (c) 2016 APA, all rights reserved)","10.1007/s11881-011-0061-1","",NA,NA,""
"rayyan-177329518","Chinese handwriting performance of primary school children with dyslexia.",NA,1,1,"","",32,5,"","","","eng","Elsevier Science",NA,"The aim of this study was to investigate the Chinese handwriting performance of typical children and children with dyslexia, and to examine whether speed and accuracy of handwriting could reliably discriminate these two groups of children. One hundred and thirty-seven children with dyslexia and 756 typical children were recruited from main stream primary schools for the study. They were requested to copy 90 Chinese characters using the Chinese Handwriting Assessment Tool (CHAT) jointly developed by a project team from two universities in Hong Kong. The process of handwriting was recorded and the stroke errors in writing were analyzed using the CHAT system. Results indicated that children with dyslexia wrote significantly slower, with greater average character size and variation in size (p <.05) than the typical children of same age group. They also wrote with significantly lower accuracy (p <.05). Commonly observed writing errors among the Dyslexic group were missing strokes and concatenated strokes. From the discriminant analysis, it was found that writing speed and accuracy were satisfactory discriminators that could discriminate students into the two groups, with reasonably good classification accuracy of over 70% for every grade. The results were discussed with theoretical implications in relation to fine motor skills, kinesthetic abilities, visual perceptual skills, and the demand of written tasks in school. (PsycInfo Database Record (c) 2020 APA, all rights reserved)","10.1016/j.ridd.2011.03.001","",NA,NA,"RAYYAN-INCLUSION: {""rater1""=>""Excluded"", ""rater2""=>""Included"", ""rater3""=>""Included""} | RAYYAN-LABELS: bloque 1 | USER-NOTES: {""rater1""=>[""edad""]}"
"rayyan-177329519","Simulated dyslexia in postsecondary students: Description and detection using embedded validity indicators.",NA,1,1,"","",25,2,"","","","eng","Taylor & Francis",NA,"The current investigation identified characteristics that discriminated authentic dyslexia from its simulation using measures common to postsecondary learning disability evaluations. Analyses revealed accurate simulation on most achievement measures but inaccurate feigning on neurolinguistic processing measures, speed on timed tasks, and error quantity. The largest group separations were on rapid naming, speeded orthographic, and reading fluency tasks. Simulators accurately feigned dyslexia profiles on cut-score and discrepancy diagnostic models but not on the more complex aspects of the clinical judgment model. Regarding simulation detection, a multivariate rule exhibited the greatest classification accuracy, followed by univariate indices developed from rapid naming tasks. The findings of the current study suggest that aspects of a comprehensive evaluation may aid in the detection of simulated dyslexia. (PsycINFO Database Record (c) 2016 APA, all rights reserved)","10.1080/13854046.2010.537280","",NA,NA,""
"rayyan-177329520","An evaluation of the Irlen lenses as a treatment for specific reading disorders.",NA,1,1,"","",42,1,"","","","eng","Taylor & Francis",NA,"Examined personality differences in 60 children (aged 8 yrs 1 mo to 15 yrs 11 mo) who were screened for scotopic sensitivity. Data reveal personality differences between scotopic sensitive (<i>n</i> = 38) and nonscotopic sensitive children (<i>n</i> = 22). Scotopic sensitive children tended to be more neurotic, more subjected to external rather than internal control, more anxious, and to have lower self-concepts. Performance in reading, depth perception, and simple eye–hand coordination tasks was examined for 22 children who were prescribed specific tinted lenses. There were no significant differences in performance between pre- and post-lens prescription on any measure of reading ability. There were significant differences between the 2 groups on 1 depth perception test, but no differences in the performance of a simple eye–hand coordination task. (PsycInfo Database Record (c) 2021 APA, all rights reserved)","10.1080/00049539008260099","",NA,NA,"RAYYAN-INCLUSION: {""rater1""=>""Excluded"", ""rater2""=>""Excluded"", ""rater3""=>""Excluded""} | RAYYAN-LABELS: bloque 1 | USER-NOTES: {""rater1""=>[""fuera de nuestro rango""]}"
"rayyan-177329521","The rise and fall of rapid occipito-temporal sensitivity to letters: Transient specialization through elementary school.",NA,1,1,"","",49,NA,"","","","eng","Elsevier Science",NA,"Letters, foundational units of alphabetic writing systems, are quintessential to human culture. The ability to read, indispensable to perform in today’s society, necessitates a reorganization of visual cortex for fast letter recognition, but the developmental course of this process has not yet been characterized. Here, we show the emergence of visual sensitivity to letters across five electroencephalography measurements from kindergarten and throughout elementary school and relate this development to emerging reading skills. We examined the visual N1, the electrophysiological correlate of ventral occipito-temporal cortex activation in 65 children at varying familial risk for dyslexia. N1 letter sensitivity emerged in first grade, when letter sound knowledge gains were most pronounced and decayed shortly after when letter knowledge is consolidated, showing an inverted U-shaped development. This trajectory can be interpreted within an interactive framework that underscores the influence of top-down predictions. While the N1 amplitudes to letters correlated with letter sound knowledge at the beginning of learning, no association between the early N1 letter response and later reading skills was found. In summary, the current findings provide an important reference point for our neuroscientific understanding of learning trajectories and the process of visual specialization during skill learning. (PsycInfo Database Record (c) 2021 APA, all rights reserved)","10.1016/j.dcn.2021.100958","",NA,NA,""
"rayyan-177329523","Dark adaptation in disabled readers screened for scotopic sensitivity syndrome.",NA,1,1,"","",78,1,"","","","eng","Perceptual & Motor Skills",NA,"Used an adaptometer to perform dark adaptation on 41 dyslexic readers subjected to the Irlen Differential Perceptual Schedule for the Scotopic Sensitivity Syndrome and on 23 Ss of normal reading ability, all aged 10–20 yrs. 12 of the 41 disabled readers examined had abnormally poor dark adaptation at peripheral retinal locations consistent with a rod processing-system deficit. It is proposed that the deficit in the visual pathway for a substantial number of people with dyslexia begins at the retinal rod photoreceptor level, involves the magnocellular pathway, and extends to the visual cortex. (PsycINFO Database Record (c) 2016 APA, all rights reserved)","10.2466/pms.1994.78.1.131","",NA,NA,"RAYYAN-INCLUSION: {""rater1""=>""Excluded"", ""rater2""=>""Excluded"", ""rater3""=>""Excluded""} | RAYYAN-LABELS: bloque 1 | USER-NOTES: {""rater1""=>[""comorbilidaad con otros sindrome no ""]}"
"rayyan-177329524","Language-universal sensory deficits in developmental dyslexia: English, Spanish, and Chinese.",NA,1,1,"","",23,2,"","","","eng","MIT Press",NA,"Studies in sensory neuroscience reveal the critical importance of accurate sensory perception for cognitive development. There is considerable debate concerning the possible sensory correlates of <i>phonological processing</i>, the primary cognitive risk factor for developmental dyslexia. Across languages, children with dyslexia have a specific difficulty with the neural representation of the phonological structure of speech. The identification of a robust sensory marker of phonological difficulties would enable early identification of risk for developmental dyslexia and early targeted intervention. Here, we explore whether phonological processing difficulties are associated with difficulties in processing acoustic cues to speech rhythm. Speech rhythm is used across languages by infants to segment the speech stream into words and syllables. Early difficulties in perceiving auditory sensory cues to speech rhythm and prosody could lead developmentally to impairments in phonology. We compared matched samples of children with and without dyslexia, learning three very different spoken and written languages, English, Spanish, and Chinese. The key sensory cue measured was rate of onset of the amplitude envelope (rise time), known to be critical for the rhythmic timing of speech. Despite phonological and orthographic differences, for each language, rise time sensitivity was a significant predictor of phonological awareness, and rise time was the only consistent predictor of reading acquisition. The data support a language-universal theory of the neural basis of developmental dyslexia on the basis of rhythmic perception and syllable segmentation. They also suggest that novel remediation strategies on the basis of rhythm and music may offer benefits for phonological and linguistic development. (PsycINFO Database Record (c) 2016 APA, all rights reserved)","10.1162/jocn.2010.21453","",NA,NA,""
"rayyan-177329525","Perceptual skills underlying phonological deficits in children: Evidence from behavioral and electrophysiological measures of speech perception.",NA,1,1,"","",74,7,"","","","eng","ProQuest Information & Learning",NA,"Deficits in phonology, which are related to the organization and retrieval of speech sounds in the mental lexicon are associated with two distinct clinical disorders, dyslexia (DYS) and speech-sound disorder (SSD). Three studies were conducted to identify the relationship between speech perception and phonological functioning in these children. Thirty-eight children (7;6–9;6 years) with DYS, SSD, DYS/SSD and their typically-developing (TD) peers participated in this investigation. The first study presented children with three syllable discrimination tasks to determine their sensitivity to specific acoustic-phonetic contrasts. All children performed discriminated /bα – wα/, an early-developing acoustic contrast, equally well. Children with phonological impairments had more difficulty discriminating a spectro-temporal cue distinguishing place of articulation, /dα – gα/ than TD children. Children with SSD performed poorly discriminating a spectro-temporal cue for a speech production error, /rα – wα/. However, children with DYS/SSD discriminated this same contrast with no difficulty, despite the fact children in both groups exhibited a similar speech production error. The second study evaluated the importance of non-linguistic characteristics of speech on children with phonological deficits and their TD peers during word recognition. All children performed equally well on the word recognition tasks. However, exploratory analysis revealed children with SSD exhibit particular weakness for the processing of fine spectral cues during word recognition. The third study evaluated underlying neural processes during speech identification of three syllable contrasts. Findings showed that children with phonological deficits exhibited electrophysiological processing differences as compared to their TD peers. Children with DYS or SSD exhibited delayed and inefficient neural processing for /dα – gα/, whereas children with DYS/SSD exhibited further delayed and more inefficient neural processing for this same contrast. Children with SSD and DYS/SSD discriminated /rα – wα/ at a significantly later stage of neural processing than their peers. These findings suggest children with disorders of phonology exhibit less efficient and less automatic neural processes for speech perception. Taken together, these studies provide evidence that measures of speech perception distinguish children with differing deficits in phonology. Further research is warranted to determine the utility of these measures for early identification for children at risk for long-term effects of these deficits. (PsycINFO Database Record (c) 2016 APA, all rights reserved)","","",NA,NA,""
"rayyan-177329526","Training direction-discrimination sensitivity remediates a wide spectrum of reading skills.",NA,1,1,"","",38,1,"","","","eng","College of Optometrists in Vision Development (COVD)",NA,"Background: This study investigated whether timing deficits in the motion pathways represent a core deficit in inefficient readers who are dyslexic. Methods: Inefficient and efficient readers in grades 2 and 3 in four public elementary schools were studied. Component literacy skills were measured before and after training. In the training task of interest, participants judged the direction of motion (left vs. right) of a vertically oriented sinusoidal grating, surrounded by one of five different background frequencies. The threshold contrast for direction discrimination was measured. Results: Direction discrimination improved the most for inefficient readers following training. Moreover, following training the time to complete the task decreased significantly, showing that the timing of direction discrimination improves, as does the gain. For inefficient readers, training on direction discrimination resulted in significant improvements in reading efficiency and fluency. Inefficient readers in control conditions showed minimal improvement. Conclusions: Significant improvements in reading performance were found following training on direction discrimination. This study provides evidence that timing deficits in inefficient readers represent a core deficit. (PsycInfo Database Record (c) 2022 APA, all rights reserved)","","",NA,NA,""
"rayyan-177329528","Abrupt and ramped flicker-defined form shows evidence for a large magnocellular impairment in dyslexia.",NA,1,1,"","",50,8,"","","","eng","Elsevier Science",NA,"Controversy still exists over whether there is a magnocellular deficit associated with developmental dyslexia. Here we utilised a magnocellular system-biased phantom contour form discrimination task defined by high temporal frequency contrast reversals to compare contrast sensitivity in a group of children with dyslexia and an age- and nonverbal intelligence-matched control group (9–14 years). Stimuli were either abruptly presented for 4 refresh frames (34 ms), or in two reduced transience conditions had contrast progressively ramped on and off over either 4 frames or 10 frames (86 ms). Children in the dyslexia group showed increased contrast thresholds compared with the control group in all three conditions, and thus strong evidence for a magnocellular deficit. Although the absolute size of the differences in threshold scores between control and dyslexic groups increased dramatically between the abrupt and the 4 and 10 frame ramped onset stimuli, the similar effect size across all tasks, and also the similar range of contrast change at the first frame of stimulus presentation across all tasks between groups suggests that a similar neural mechanism could provide the locus of the apparent magnocellular deficit in children with dyslexia for all tasks tested. These results suggest that threshold discrimination of stimuli with low contrast and high temporal frequencies designed to target the magnocellular system, and has great potential for early screening for children at risk of visually derived reading difficulties. (PsycINFO Database Record (c) 2018 APA, all rights reserved)","10.1016/j.neuropsychologia.2012.05.012","",NA,NA,"RAYYAN-INCLUSION: {""Balade""=>""Maybe"", ""rater1""=>""Excluded"", ""rater2""=>""Excluded"", ""rater3""=>""Included""} | RAYYAN-LABELS: bloque 1"
"rayyan-177329529","Developing syntactic sensitivity in reading through phrase-cued texts.",NA,1,1,"","",NA,NA,"","","","eng","Arena Press",NA,"Highlights the benefits of developing students' skills in grouping text into syntactically appropriate units as a way of addressing reading problems and increasing proficiency. The following topics are discussed: difficulties in reading, syntactic processing, phrase-cued texts, and phrased-cued text lesson. (PsycInfo Database Record (c) 2022 APA, all rights reserved)","","",NA,NA,"RAYYAN-INCLUSION: {""rater1""=>""Excluded"", ""rater2""=>""Excluded"", ""rater3""=>""Included""} | RAYYAN-LABELS: bloque 1 | USER-NOTES: {""rater1""=>[""no lo encontro el articulo""]}"
"rayyan-177329530","Assessing dyslexia in higher education: The York adult assessment battery-revised.",NA,1,1,"","",13,1,"","","","eng","Wiley-Blackwell Publishing Ltd.",NA,"Although there are a number of standardised measures to assess dyslexia in children, there are comparatively fewer instruments suitable for the assessment of dyslexia in adults. Given the growing number of students entering UK higher education institutions, there is a need to develop reliable tools for assessing the additional needs of those with dyslexia and related difficulties. This study reports data from a revised version of the <i>York Adult Assessment</i>: An Assessment Battery for Dyslexia Screening in Higher Education. The current <i>York Adult Assessment-Revised (YAA-R)</i> is an assessment battery consisting of tests of reading, spelling, writing and phonological skills. Data from a normative sample of 106 adults without dyslexia and a validation sample of 20 adults with dyslexia illustrate significant group differences on the tests comprising the <i>YAA-R</i>. Additionally, the <i>YAA-R</i> has good discriminatory power yielding 80% sensitivity and 97% specificity. Taken together, the <i>YAA-R</i> is a suitable test battery for the assessment and identification of dyslexia in university students. (PsycInfo Database Record (c) 2022 APA, all rights reserved)","10.1111/j.1471-3802.2012.01264.x","",NA,NA,"RAYYAN-INCLUSION: {""rater1""=>""Excluded"", ""rater2""=>""Excluded"", ""rater3""=>""Excluded""} | RAYYAN-LABELS: bloque 1 | USER-NOTES: {""rater1""=>[""por edad""]}"
"rayyan-177329531","Can a questionnaire be useful for assessing reading skills in adults? Experiences with the adult reading questionnaire among incarcerated and young adults in Norway.",NA,1,1,"","",11,4,"","","","eng","MDPI",NA,"Background: Good screening tools can be of immense value in educational counselling for adults. We report two studies where we explored the factor structure and discriminative power of the Adult Reading Questionnaire (ARQ) in different samples of young adults at risk for reading impairments. Method: The ARQ was designed to screen for literacy skills with low resource requirement. The instrument includes 11 questions regarding reading and writing skills and 6 questions regarding attention deficits and hyperactivity. The first study included of 246 undergraduate students. One-third of the sample were under assessment of specific learning impairments/dyslexia. The second study included 1475 incarcerated adults, where 1 in 4 reported specific reading impairments. Results: Principal Component Analyses (PCA) with varimax rotation returned four components for the participants in Study 1: Reading skills, Reading habits, Attention, and Hyperactivity. For the incarcerated sample in Study 2, the analysis returned three components, as the Attention and Hyperactivity items were combined. Conclusion: The ARQ is useful for identifying individuals at risk for dyslexia with acceptable measures of sensitivity and specificity, as well as for identifying those who report difficulties with reading and writing but have not been assessed for their difficulties earlier. The increased prevalence of attention-deficit/hyperactivity disorder (ADHD) seen among incarcerated adults must be considered when screening for reading problems as it may confound the scores on reading questionnaires. (PsycInfo Database Record (c) 2023 APA, all rights reserved)","10.3390/educsci11040154","",NA,NA,"RAYYAN-INCLUSION: {""rater1""=>""Excluded"", ""rater2""=>""Excluded"", ""rater3""=>""Excluded""} | RAYYAN-LABELS: bloque 1 | USER-NOTES: {""rater1""=>[""edad""]}"
"rayyan-177329532","A comparison of two early education literacy benchmark assessments.",NA,1,1,"","",69,3,"","","","eng","ProQuest Information & Learning",NA,"The need for public education accountability and recent federal legislation such as No Child Left Behind (NCLB) and Individuals with Disabilities Education Act (IDEA) requires effective assessment of all children to ensure adequate instruction. Assessment measures that attempt to provide this accountability vary greatly in terms of type of measure, required assessment time, and predictive relationship with end-of-year state assessment measures. The most prevalent assessment tool in Virginia is the Phonological Awareness Literacy Screener (PALS) which was developed by the University of Virginia to facilitate the Lady Intervention Reading Initiative, an initiative established to reduce the number of children with reading problems by early diagnosis and immediate intervention. PALS has an adoption rate by public school divisions in Virginia close to 100%. Another literacy screener is AIMSweb, developed by Edformation and currently owned by Pearson. It is used in progress monitoring in other states, and commonly used to facilitate Response to Intervention (RtI), a system-wide early identification and intervention process that attempts to provide research-based and alternate forms of instruction within the general education environment. This study compared these two operationally divergent universal screeners for early literacy. The first comparison determined whether AIMSweb identified the same population as at-risk that PALS identified as at-risk, This was a direct comparison of 2007-2008 fall benchmark results. Findings indicated that AIMSweb measures identified the same students that the PALS measures identified, and many component measures had highly significant correlations. This second comparison determined the sensitivity and specificity of PALS 1-3 in predicting the success or failure on the third grade Standards of Learning assessment (SOLA). Third grade fall and spring PAIS scores from 2006-2007 were compared to performance on the third grade 2000-2007 SOL assessment. These findings demonstrate that PALS 1-3 fall scores have a lower correlation with SOLA results than is stated in the PALS technical manual, but higher than the most recent study that examined the correlation between PALS and the SOLA. It also determined that the measure had less sensitivity and specificity in the spring benchmark assessment period than the fall. Recommendations were made to consider the efficiency of using AIMSweb as an initial screener, and then utilizing PALS for those identified students for whom more diagnostic assessment is needed. AIMSweb would also provide an additional and needed tool for predicting SOLA performance. (PsycInfo Database Record (c) 2022 APA, all rights reserved)","","",NA,NA,"RAYYAN-INCLUSION: {""rater1""=>""Included"", ""rater2""=>""Excluded"", ""rater3""=>""Excluded""} | RAYYAN-LABELS: bloque 1"
"rayyan-177329533","The nature and specificity of paired associate learning deficits in children with dyslexia.",NA,1,1,"","",71,1,"","","","eng","Elsevier Science",NA,"We report three experiments investigating the specificity and nature of paired associate learning (PAL) deficits in children with dyslexia. Experiments 1 and 2 compared children with dyslexia and age-matched controls across the following stimulus–response mapping conditions, designed to dissociate crossmodal and verbal demands: visual–verbal, verbal–verbal, visual–visual, and verbal–visual. Children with dyslexia exhibited deficits in visual–verbal and verbal–verbal PAL only. Experiment 3 investigated the stage of learning in which PAL deficits arise by separating the verbal learning and associative learning components of a visual–verbal PAL task. Results revealed an item-specific relationship between phonological form learning and later associative learning success. Visual–verbal PAL deficits were fully accounted for by the preceding deficit in phonological form learning. Together, our results show that PAL deficits in dyslexia are not a consequence of difficulties with associative learning; instead, they are best characterized as deficits in phonological form learning. The implications of these findings for theories of reading development and dyslexia are discussed. (PsycINFO Database Record (c) 2017 APA, all rights reserved)","10.1016/j.jml.2013.10.005","",NA,NA,""
"rayyan-177329534","Six‐minute screening test can provide valid information about the skills that underlie childhood reading and cognitive abilities.",NA,1,1,"","",108,7,"","","","eng","Wiley-Blackwell Publishing Ltd.",NA,"Aim: Reading difficulties can have complex origins and diagnostic measures can be expensive and time consuming. We tested Zippy6, a six-minute screening test that we developed, to see how it compared with a battery of established screening tools. Methods: This study was carried out at Cincinnati Children’s Hospital Medical Center, USA, from 2014–2016. We recruited 81 children with reading difficulties and 44 typical readers of six years to 14 years of age (grades 1–8) using advertisements that were placed in healthcare clinics in the community and on hospital announcement boards. The subjects completed a full reading evaluation, which comprised standardised tests and the new Zippy6 screening test. Standard scores from the traditional and Zippy6 tests were compared, and Support Vector Machine learning methods and algorithms were used to examine the results. Results: Significant positive correlations existed between all of the traditional tests and the Zippy6 screening test. The sensitivity and specificity for the ability of the Zippy6 to discriminate between children with reading difficulties and typical readers were both 75%. Conclusion: Using the Zippy6 provided valid information about the skills that underlie reading and cognitive abilities. This screening test could be used by clinicians as either a prediagnostic tool or for postintervention assessment. (PsycInfo Database Record (c) 2020 APA, all rights reserved)","10.1111/apa.14680","",NA,NA,""
"rayyan-177329535","Left visual field bias during face perception aligns with individual differences in reading skills and is absent in dyslexia.",NA,1,1,"","",NA,NA,"","","","eng","Wiley-Blackwell Publishing Ltd.",NA,"Background When looking at faces, we tend to attend more to the left visual field (corresponding to the right side of the person's face). This phenomenon is called the left visual field bias (LVF) and is presumed to reflect the brain's right‐sided dominance for face processing. Whether alterations in hemispheric dominance are present in dyslexia, and are linked with individual differences in word reading development more generally, is still unclear, and no prior research has utilized gaze‐based LVF bias to explore these topics. Aims The aim of the study was to examine whether the LVF bias differs in dyslexia and to examine the association with word‐reading skills assessed dimensionally. Sample Forty‐six 9–13 year‐old children with dyslexia and community control children, matched on age and listening comprehension. Methods Participants were presented with a recorded face on a screen while their gaze patterns were collected with an eye tracker. Fixations to the left versus the right side of the face stimuli were compared. Results Results showed a clear LVF bias in community controls, while no such bias was seen in the dyslexic group. Moreover, the strength of the LVF bias was correlated with better word reading in the controls. Conclusions Our results suggest a link between weakened hemispheric dominance for face processing in dyslexia and in poor word reading, at least to the extent that the LVF bias actually mirrors underlying physiology. We discuss the implications of these novel findings, highlighting the need for future research to determine the specificity and developmental sources of LVF bias alterations. (PsycInfo Database Record (c) 2022 APA, all rights reserved)","10.1111/bjep.12559","",NA,NA,""
"rayyan-177329536","Screening of phonological awareness in the early elementary grades: An IRT approach.",NA,1,1,"","",57,1,"","","","eng","Springer",NA,"The purpose of the present study was to explore the possibilities for the assessment of growth in phonological awareness of children in kindergarten and first grade. Phonological awareness was measured using four sets of items involving rhyming, phoneme identification, phoneme blending, and phoneme segmentation. The results of an exploratory factor analysis and analyses conducted within the framework of item response theory showed one latent ability to underlie the different sets of items, which nevertheless differed in difficulty. Analyses in terms of the children's ability further showed the phonological awareness measures to be sensitive to growth. The amount of information supplied by the different sets of items depended on the children's level of ability. The conclusion that it is possible to accurately monitor the development of children's phonological awareness in the early elementary grades appears to be justified, and this possibility opens up new perspectives for the early screening for reading problems and dyslexia. (PsycINFO Database Record (c) 2016 APA, all rights reserved)","10.1007/s11881-007-0001-2","",NA,NA,""
"rayyan-177329537","Parents’ reading history as an indicator of risk for reading difficulties.",NA,1,1,"","",67,3,"","","","eng","Springer",NA,"Children from families whose members have reading impairments are found to be poorer performers, take less advantage of instruction, and require more time to reach the reading level of children whose relatives are good readers. As a family’s reading history may not be available, a self-report of reading abilities is used to identify children’s background. In this paper, we explored the contribution of phonological, literacy, and linguistic abilities and reported parental reading abilities to predict reading achievement at the end of the school year in a Spanish sample. Children who were starting to read were assessed in a variety of oral language, phonological, and literacy tasks at the beginning and end of the school year. Parents filled out a self-report questionnaire about their reading abilities. Their answers were used to assign children to good or poor reader parent groups (GRP vs PRP). A logistic and ROC analysis were used to assess the variables’ discriminative capability, considering literacy scores at the end of the year as a measure of reading achievement. GRP children obtained higher scores than PRP children did. Performance on tasks of rapid naming assessment (RAN) letters (78.6%), Word Reading (75.7%), and Deletion (75.6%) were the most accurate predictors of children’s reading achievement. IPRA showed slightly lower accuracy (73.8) than did the behavioral measures and as high specificity as RAN letters (96.2%), similarly to the percentages found in previous studies. Although behavioral measures were shown as the best predictors, parents’ self-reports could also provide a quick estimation of family risk of difficulties in literacy acquisition. (PsycInfo Database Record (c) 2022 APA, all rights reserved)","10.1007/s11881-017-0143-9","",NA,NA,""
"rayyan-177329538","Identifying children at risk for language impairment or dyslexia with group-administered measures.",NA,1,1,"","",60,12,"","","","eng","American Speech-Language-Hearing Assn",NA,"Purpose: The study aims to determine whether brief, group-administered screening measures can reliably identify second-grade children at risk for language impairment (LI) or dyslexia and to examine the degree to which parents of affected children were aware of their children’s difficulties. Method: Participants (<i>N</i> = 381) completed screening tasks and assessments of word reading, oral language, and nonverbal intelligence. Their parents completed questionnaires that inquired about reading and language development. Results: Despite considerable overlap in the children meeting criteria for LI and dyslexia, many children exhibited problems in only one domain. The combined screening tasks reliably identified children at risk for either LI or dyslexia (area under the curve = 0.842), but they were more accurate at identifying risk for dyslexia than LI. Parents of children with LI and/or dyslexia were frequently unaware of their children’s difficulties. Parents of children with LI but good word reading skills were the least likely of all impairment groups to report concerns or prior receipt of speech, language, or reading services. Conclusions: Group-administered screens can identify children at risk of LI and/or dyslexia with good classification accuracy and in less time than individually administered measures. More research is needed to improve the identification of children with LI who display good word reading skills. (PsycInfo Database Record (c) 2022 APA, all rights reserved)","10.1044/2017_JSLHR-L-16-0473","",NA,NA,""
"rayyan-177329539","Multivariate predictive model for dyslexia diagnosis.",NA,1,1,"","",61,1,"","","","eng","Springer",NA,"Dyslexia is a specific disorder of language development that mainly affects reading. Etiological researches have led to multiple hypotheses which induced various diagnosis methods and rehabilitation treatments so that many different tests are used by practitioners to identify dyslexia symptoms. Our purpose is to determine a subset of the most efficient ones by integrating them into a multivariate predictive model. A set of screening tasks that are the most commonly used and representative of the different cognitive aspects of dyslexia was proposed to 78 children from elementary school (mean age = 9 years ± 7 months) exempt from identified reading difficulties and to 35 dyslexic children attending a specialized consultation for dyslexia. We proposed a multi-step procedure: within each category, we first selected the most representative tasks using principal component analysis and then we implemented logistic regression models on the preselected variables. Spelling and reading tasks were considered separately. The model with the best predictive performance includes eight variables from four categories of tasks and classifies correctly 94% of the children. The sensitivity (91%) and the specificity (95%) are both high. Forty minutes are necessary to complete the test. (PsycINFO Database Record (c) 2016 APA, all rights reserved)","10.1007/s11881-010-0038-5","",NA,NA,""
"rayyan-177329540","Separating genuine cases of reading disability from reading deficits caused by predominantly inattentive ADHD behavior.",NA,1,1,"","",35,5,"","","","eng","PRO-ED",NA,"Conventional methods of differentiating reading disability (RD) caused by deficits in decoding skills or comprehension from poor reading performance caused by inconsistent attention associated with attention-deficit/ hyperactivity disorder (ADHD) have produced equivocal results. This study hypothesized that children with inconsistent attention would perform more poorly on tests that require sustained attention, such as listening comprehension, than on tests that are more tolerant of inattention, such as reading comprehension. Such differences would not be seen in the test scores of children who have only RD, because their performance is determined more by the difficulty level of the reading tests than by the degree of sensitivity of the task to attention. The validity of this new model was evaluated by determining the capability of the differences seen in the scores of tests that differ in their sensitivity to sustained attention to predict the degree of inconsistency in sustained attention as measured by a continuous performance test. The data obtained from 39 2nd-5th graders who are at risk for RD suggest that this is a viable model. (PsycInfo Database Record (c) 2022 APA, all rights reserved)","10.1177/00222194020350050301","",NA,NA,""
"rayyan-177329541","The effects of spatial filtering and contrast reduction on visual search times in good and poor readers.",NA,1,1,"","",35,2,"","","","eng","Elsevier Science",NA,"Used spatial filtering and contrast reduction to differentiate between the effects of spatial frequency content and contrast in good and poor readers who were also screened for attention deficit disorder (ADD). Four groups of Ss were studied: 8 control children (mean age 9.5 yrs) classified as good readers, 8 children (mean age 9.1 yrs) classified as good readers and with ADD, 6 children (mean age 10.2 yrs) with specific reading disability (SRD), and 4 children (mean age 10.5 yrs) with both SRD and ADD. With unfiltered stimuli, search times for control and ADD Ss were much faster than those of the SRD and SRD/ADD groups. While both high-pass and low-pass conditions improved the search speed for the SRD/ADD Ss, improvement for the SRD group was obtained only with low-contrast stimuli. (PsycInfo Database Record (c) 2022 APA, all rights reserved)","10.1016/0042-6989(94)00140-H","",NA,NA,""
"rayyan-177329542","The effectiveness of Irlen filters for improving reading performance: A pilot study.",NA,1,1,"","",23,10,"","","","eng","PRO-ED",NA,"Investigated the effectiveness of Irlen filters (H. Irlen, 1983) for improving comfort and reading performance and determined whether traditional optometric intervention would relieve symptoms commonly reported by people seeking help through the use of Irlen filters. 30 Ss (aged 9–51 yrs) were randomly placed in an Irlen filter treatment group, a vision therapy treatment group, or a control group. Pre- and posttesting included a vision evaluation, reading and intelligence testing, scotopic sensitivity screening, and a symptom questionnaire. Both treatment groups were more comfortable after treatment, although only the vision therapy group improved in vision functioning. Ss in the filter group did not show significant gains in reading rate, word recognition in context, or comprehension. (PsycINFO Database Record (c) 2016 APA, all rights reserved)","10.1177/002221949002301007","",NA,NA,""
"rayyan-177329543","Understanding reading through the eyes of third-grade struggling readers.",NA,1,1,"","",74,6,"","","","eng","ProQuest Information & Learning",NA,"Within the vast research base on struggling readers, very few studies address the nature of struggling readers from their own perspectives; that is, how struggling readers experience reading instruction. The purpose of this qualitative case study research was to gain a deeper understanding of how three third-grade struggling readers viewed themselves as readers and how they experienced reading instruction in their classroom setting. In turn, this study captured their realities of being a struggling reader from their own perspectives. Data sources included measures of reading affect (i.e., attitude, motivation, and self-perception), interviews, classroom observations, work samples, records, and drawings. Data for each of the three cases were first analyzed separately using Boeije's (2010) Spiral of Analysis model, and then through a cross case analysis. In looking across the three cases, the unique and complex perceptions of each student were situated in three broad similarities: (a) their perceptions of reading centered on the idea that <i>reading is about hard words,</i> (b) their perceptions of themselves as struggling readers revealed their <i>internal struggles,</i> and (c) their <i>sensitivity to the social</i> in their perceptions of others' perceptions of them. The findings capture the important and often missing voice of the students, a major stakeholder in their own education, which leads to educational implications for reading instruction. (PsycInfo Database Record (c) 2022 APA, all rights reserved)","","",NA,NA,""
"rayyan-177329544","Identifying characteristics of reading disabled students through visual, cognitive and perceptual evaluative testing.",NA,1,1,"","",58,10,"","","","eng","ProQuest Information & Learning",NA,"Visual, cognitive, and perceptual analysis of the processing speed and effects of visual distractors were used to identify characteristics differences between the 'reading disabled' population and students with normal reading ability. A total of eighty-four students, ages 7-16, from the Kentucky's Warren County school system volunteered to participate in the study through responses to newspaper advertisements and teacher referrals. Seventy-one subjects completed the test protocol and were targeted as the medium from which to obtain statistical analyses. Eleven multifaceted protocol tests examined a variety of visual, cognitive, and perceptual processing abilities including acuity, contrast sensitivity, IQ, reading level, and a combination of speed of processing, divided attention, selective attention, and orientation of attention in a visual search paradigm. The majority of the research data gathered for this defined population of 'reading disabled' students was obtained by using a Visual Attention Analyzer. This particular apparatus was utilized to assess each subject's Useful Field of View (UFOV) in terms of the 'percentage reduction (0-90%) of a maximum thirty-five degree radius field' (Ball, Owsley, & Beard, 1990; Ball, Roenker, & Bruni, 1990; Owsley, Ball, Sloane, Roenker, & Bruni, 1991) under varying speed, distractor, and eccentricity conditions. Additionally, 'weighted scores' and subsequent slope comparisons showed a decline in the processing ability of 'reading disabled' students when speed and cognitive complexity of assignments was a factor in visual tasks. Evidence of measurable characteristic differences of processing abilities and performance on visual localization tasks where distractors were present in the visual field was indicated by a greater impact of stimulus duration on the reading impaired individuals relative to normal readers when evaluated on the Visual Attention Analyzer. Discrepancy levels between IQ scores and reading performance scores, respectively, with unstable mean scores for subjects under the age of 9 and IQ scores below 100 were significantly different and indicated specific developmental parameters to be considered for early identification of 'reading disabled' students. Based on the results of this study, further investigation could be conducted to determine the effect of a visual training program designed to improve speed of processing skills using the Visual Attention Analyzer in two specific areas: (1) the possibility of improved speed of processing abilities for students and/or young adults and (2) the possibility of a carry over effect for improved processing abilities into other visual processing areas such as reading ability. Significant differences in speed of processing abilities and other characteristics of 'reading disabled' students relative to age matched peers were shown through various areas of the eleven item test protocol. Applied correctly, the comparisons, correlations, and analysis information contained within this project could be used to enhance the early detection and identification of reading deficits. (PsycINFO Database Record (c) 2016 APA, all rights reserved)","","",NA,NA,""
"rayyan-177329545","Concurrent validity and screening efficiency of The Dyslexia Screener.",NA,1,1,"","",5,3,"","","","eng","American Psychological Association",NA,"The concurrent criterion-related validity and screening efficiency of a recently developed scale, The Dyslexia Screener (TDS), was investigated by examining its relation to the Reading Cluster of the Woodcock-Johnson Psychoeducational Assessment Battery (WJ) in a sample of 100 nonreferred children participating in a longitudinal study. Results supported the validity of the TDS; TDS scores correlated moderately with the WJ Reading Cluster and its subtests, <i>p</i> < .001. In addition, the TDS contributed significantly to the prediction of WJ Reading Cluster scores in stepwise multiple regression, even after accounting for intelligence and teacher-rated reading level. Prediction–performance comparison analyses showed a high degree of correspondence between the TDS and the WJ, with an 87% overall hit rate, 98% negative predictive value, 35% positive predictive value, and sensitivity and specificity rates of 75% and 88%, respectively. Implications for mass screening are discussed. (PsycINFO Database Record (c) 2019 APA, all rights reserved)","10.1037/1040-3590.5.3.369","",NA,NA,"RAYYAN-INCLUSION: {""rater1""=>""Included"", ""rater2""=>""Excluded"", ""rater3""=>""Excluded""} | RAYYAN-LABELS: bloque 1 | USER-NOTES: {""rater1""=>[""tengo duda al ser un estudio longitudinal""]}"
"rayyan-177329546","ERPs reveal the time-course of aberrant visual-phonological binding in developmental dyslexia.",NA,1,1,"","",10,NA,"","","","eng","Frontiers Media S.A.",NA,"New evidence is accumulating for a deficit in binding visual-orthographic information with the corresponding phonological code in developmental dyslexia. Here, we identify the mechanisms underpinning this deficit using event-related brain potentials (ERPs) in dyslexic and control adult readers performing a letter-matching task. In each trial, a printed letter was presented synchronously with an auditory letter name. Incongruent (mismatched), frequent trials were interleaved with congruent (matched) infrequent target pairs, which participants were asked to report by pressing a button. In critical trials, incongruent letter pairs were mismatched but confusable in terms of their visual or phonological features. Typical readers showed early detection of deviant trials, indicated by larger modulation in the range of the phonological mismatch negativity (PMN) compared with standard trials. This was followed by stronger modulation of the P3b wave for visually confusable deviants and an increased lateralized readiness potential (LRP) for phonological deviants, compared with standards. In contrast, dyslexic readers showed reduced sensitivity to deviancy in the PMN range. Responses to deviants in the P3b range indicated normal letter recognition processes, but the LRP calculation revealed a specific impairment for visual-orthographic information during response selection in dyslexia. In a follow-up experiment using an analogous non-lexical task in the same participants, we found no reading-group differences, indicating a degree of specificity to over-learnt visual-phonological binding. Our findings indicate early insensitivity to visual-phonological binding in developmental dyslexia, coupled with difficulty selecting the correct orthographic code. (PsycInfo Database Record (c) 2022 APA, all rights reserved)","10.3389/fnhum.2016.00071","",NA,NA,""
"rayyan-177329547","A meta-analysis of working memory deficits in children with learning difficulties: Is there a difference between verbal domain and numerical domain?",NA,1,1,"","",49,1,"","","","eng","Sage Publications",NA,"Children with learning difficulties suffer from working memory (WM) deficits. Yet the specificity of deficits associated with different types of learning difficulties remains unclear. Further research can contribute to our understanding of the nature of WM and the relationship between it and learning difficulties. The current meta-analysis synthesized research on verbal WM and numerical WM among children with reading difficulties (RD), children with mathematics difficulties (MD), and children with reading and mathematics difficulties (RDMD). A total of 29 studies subsuming 110 comparisons were included. Results showed that compared to typically developing children, all learning difficulty groups demonstrated deficits in verbal WM and numerical WM, with RDMD children showing the most severe WM deficits. MD children and RD children showed comparable verbal WM deficits, but MD children showed more severe numerical WM deficits than RD children. Neither severity of learning difficulties nor type of academic screening emerged as a moderator of WM deficit profiles. Although the findings indicate the domain-general nature of WM deficits in RD, MD, and RDMD children, the numerical WM deficits of children with MD and RDMD may reflect the domain-specific nature of WM deficits. (PsycINFO Database Record (c) 2016 APA, all rights reserved)","10.1177/0022219414521667","",NA,NA,"RAYYAN-INCLUSION: {""rater1""=>""Excluded"", ""rater2""=>""Excluded"", ""rater3""=>""Included""} | RAYYAN-LABELS: bloque 1 | USER-NOTES: {""rater1""=>[""por la comparacion entre dificultades de lectura y de matematicas""]}"
"rayyan-177329548","Understanding risk for reading difficulties in children with language impairment.",NA,1,1,"","",59,6,"","","","eng","American Speech-Language-Hearing Assn",NA,"Purpose: The purpose of this study was to retrospectively examine the preschool language and early literacy skills of kindergarten good and poor readers, and to determine the extent to which these skills predict reading status. Method: Participants were 136 children with language impairment enrolled in early childhood special education classrooms. On the basis of performance on a word recognition task given in kindergarten, children were classified as either good or poor readers. Comparisons were made across these 2 groups on a number of language and early literacy measures administered in preschool, and logistic regression was used to determine the best predictors of kindergarten reading status. Results: Twenty-seven percent of the sample met criterion for poor reading in kindergarten. These children differed from good readers on most of the skills measured in preschool. The best predictors of kindergarten reading status were oral language, alphabet knowledge, and print concept knowledge. Presence of comorbid disabilities was not a significant predictor. Classification accuracy was good overall. Conclusion: Results suggest that risk of reading difficulty for children with language impairment can be reliably estimated in preschool, prior to the onset of formal reading instruction. Measures of both language and early literacy skills are important for identifying which children are likely to develop later reading difficulties. (PsycInfo Database Record (c) 2022 APA, all rights reserved)","10.1044/2016_JSLHR-L-15-0110","",NA,NA,""
"rayyan-177329549","Lexiland: A tablet-based universal screener for reading difficulties in the school context.",NA,1,1,"","",60,7,"","","","eng","Sage Publications",NA,"Massive and timely screening of the student population for early signs of reading difficulties is needed to implement timely effective remediation of these difficulties. However, traditional approaches are costly and hard to apply. Here, we present Lexiland, a tablet-based reading assessment tool for kindergarten and primary school children developed to be applied in school settings with minimal personnel intervention. Following a story line, players help a character of the game perform several tasks that measure different predictors of reading outcomes. Most of the tasks that usually involve a verbal response were switched to receptive tasks to demand a touch-screen response only. The tablet application was administered to a sample of <i>N</i> = 616 5-yo kindergarten children and to a sub-sample of these children twice during the following two years (First and Second Grades). Applying logistic regression and cross-validation, we selected a reduced subset of tasks that can predict with great sensitivity and specificity, whether a five-year-old child will have reading difficulties by the end of first grade (sensitivity 90% and specificity 76%) and two years later (sensitivity 90% and specificity 61%). Importantly, Lexiland is a scalable tool to implement universal screening, given the increasing availability of devices able to run android and iOS applications. (PsycInfo Database Record (c) 2022 APA, all rights reserved)","10.1177/07356331221074300","",NA,NA,""
"rayyan-177329550","Psychometric properties of a screening tool for autism in the community—The Indian Autism Screening Questionnaire (IASQ).",NA,1,1,"","",16,4,"","","","eng","Public Library of Science",NA,"Introduction: Currently available screening questionnaires for Autism spectrum disorders were tested in developed countries, but many require additional training and many are unsuitable for older individuals, thus reducing their utility in lower/middle- income countries. We aimed to derive a simplified questionnaire that could be used to screen persons in India. Methods: We have previously validated Indian Scale for Assessment of Autism (ISAA), that is now mandated for disability assessment by the Government of India. This detailed tool requires intensive training and it is time consuming. It was used to derive a new screening questionnaire: 1) items most frequently scored as positive by participants with autism in original ISAA validation study were modified for binary scoring following expert review. 2) In a new sample, clinically diagnosed individuals with/without autism were administered the screening tool and ISAA following written informed consent. Its psychometric properties were determined. Results: A 10-item scale named Indian Autism Screening Questionnaire (IASQ) was prepared in Hindi and English. Thereafter 145 parents/caregivers of participants (autism, n = 90, other psychiatric disorders, n = 55) (ages 3–18), were administered IASQ and ISAA (parents/ caregivers plus observation) by separate interviewers, blind to each other and to diagnosis. At a cutoff of 1, sensitivity was 99%, specificity 62%, Positive Predictive Value 81%, and Negative Predictive Value 95%. Test-retest reliability was r = 0.767 (CI = 0.62–0.86) and interrater reliability- Krippendorff's-alpha was 0.872. The area under Receiver Operating Characteristic Curve (ROC) was 95%. There was a significant difference on IASQ-scores between participants with and without a clinical diagnosis of Autism (t = 14.57, p<0.0001). Discussion: The IASQ is a simple, easy to use screening tool with satisfactory reliability and validity, that can be administered to caregivers in 15 minutes and provides information about DSM 5 criteria for autism. It may be applicable outside India, following additional adaptation, for community-based studies. (PsycInfo Database Record (c) 2022 APA, all rights reserved)","10.1371/journal.pone.0249970","",NA,NA,""
"rayyan-177329551","Internalizing problems in individuals with reading, mathematics and unspecified learning difficulties: A systematic review and meta-analysis.",NA,1,1,"","",74,1,"","","","eng","Springer",NA,"We conducted a systematic review and meta-analysis to examine if individuals with reading difficulties (RD), mathematics difficulties (MD), or unspecified learning difficulties (ULD) experience internalizing problems (i.e., anxiety, depression, somatic complaints, and social withdrawal) to the same extent, and if the effect sizes are influenced by moderators (age, internalizing problems type, anxiety type, rater type, selection criteria, and attention control). We reviewed 2,806 studies published in English between January 2000 and April 2023. Our final sample consisted of 96 studies that reported effect sizes or data to calculate them (a total of 120 unique samples, 83,260 participants, age range = 7.3 – 34.8 years). Risk of bias and sensitivity were assessed. A random-effects model analysis revealed a significant and moderate overall effect size (Hedge's g = -.54), indicating that individuals with RD, MD or ULD experience more internalizing problems than their chronological-age (CA) controls. Follow-up analyses showed that neither learning difficulties type nor age of participants were significant moderators, but selection criteria (diagnosis versus screening) and internalizing problems type were. These findings suggest that individuals with RD do not differ from those with MD or ULD in internalizing problems, and all fare poorly compared to CA controls. (PsycInfo Database Record (c) 2024 APA, all rights reserved)","10.1007/s11881-023-00294-4","",NA,NA,""
"rayyan-177329552","Early identification of second-language students at risk for reading disability.",NA,1,1,"","",66,10,"","","","eng","ProQuest Information & Learning",NA,"There is a common misconception that assessment of reading disabilities in English as a second-language (ESL) students must be delayed 2 or 3 years until oral language skills have developed. The purpose of this study was to provide a theoretical and empirical basis for a screening measure for the early identification of ESL learners. A battery of measures assessing various domains of reading, memory, cognition and oral language were administered to the participants, which included 339 Grade 1 students (107 English as-a-first language (L1) and 232 ESL) and 253 Grade 3 students (80 L1 and 173 ESL). Confirmatory factor analyses supported the theoretical constructs of Phonology, Oral Language, Verbal Memory and Reading at Grade 1 and Grade 3. Structural equation modeling was used to examine the relationship of these constructs to Grade 1 and Grade 3 reading criteria; the results supported the phonological-core deficit model of reading. Logistic regressions further showed that, at both Grades 1 and 3, a composite Phonology score consistently made a significant, unique contribution to the prediction of at-risk reading status for both language groups. However, there was other evidence that composite Verbal Memory and Nonverbal Reasoning scores had variable influence and should also be considered for inclusion in a screening measure. Sensitivity and specificity data suggest that at Grade 1 it is possible to identify highly at risk (i.e., reading scores below the 10th percentile) L1 and ESL students and moderately at risk (i.e., reading scores below the 25th percentile) ESL students with reasonable accuracy. At Grade 3, at risk L1 and ESL students can be identified with a high degree of accuracy using the composites developed in this study. This study corroborates previous research indicating that oral language has little unique role in the early identification of first or second language students at risk for reading disability at Grade 1 or Grade 3. Finally, this study extends first language research by demonstrating that it is possible to identify ESL students who are at risk for reading failure as early as Grade 1. (PsycInfo Database Record (c) 2022 APA, all rights reserved)","","",NA,NA,""
"rayyan-177329553","Very early phonological and language skills: Estimating individual risk of reading disability.",NA,1,1,"","",48,9,"","","","eng","Blackwell Publishing",NA,"Background: Analyses from the Jyväskylä Longitudinal Study of Dyslexia project show that the key childhood predictors (phonological awareness, short-term memory, rapid naming, expressive vocabulary, pseudoword repetition, and letter naming) of dyslexia differentiate the group with reading disability (n = 46) and the group without reading problems (n = 152) at the end of the 2nd grade. These measures were employed at the ages of 3.5, 4.5 and 5.5 years and information regarding the familial risk of dyslexia was used to find the most sensitive indices of an individual child's risk for reading disability. Methods: Age-specific and across-age logistic regression models were constructed to produce the risk indices. The predictive ability of the risk indices was explored using the ROC (receiver operating curve) plot. Information from the logistic models was further utilised in illustrating the risk with probability curve presentations. Results: The logistic regression models with <i>familial risk, letter knowledge, phonological awareness</i> and <i>RAN</i> provided a prediction probability above .80 (area under ROC). Conclusions: The models including <i>familial risk status</i> and the <i>three above-mentioned measures</i> offer a rough screening procedure for estimating an individual child's risk for reading disability at the age of 3.5 years. <i>Probability curves</i> are presented as a method of illustrating the risk. (PsycINFO Database Record (c) 2018 APA, all rights reserved)","10.1111/j.1469-7610.2007.01763.x","",NA,NA,""
"rayyan-177329554","Validity of the Brown ADD Scales: An investigation in a predominantly inattentive ADHD adolescent sample with and without reading disabilities.",NA,1,1,"","",5,3,"","","","eng","Sage Publications",NA,"The Brown ADD Scale for Adolescents is widely used in clinical settings, yet, no published studies have investigated divergent and concurrent validity and specificity and sensitivity to inattentive ADHD symptomatology. 98 participants (aged 13-16 yrs) were classified as ADHD/I and/or reading disabled (RD) using Kiddie Schedule for Affective Disorder and Schizophrenia (K-SADS), Conners' Rating Scales (CRS-R), and Ontario Child Health Study Scales (OCHSS), and other scales. The results were: 29 ADHD/I; 12 RD, 16 ADHDA with RD; and, 41 controls. The RD group was included to evaluate specificity. The Brown was administered but not used in classification. The ADHD groups scored higher on the Brown subscales compared with the other two groups. The recommended cutoffs resulted in high rates of false negatives but few false positives; this suggests good specificity but poor sensitivity. There were moderate correlations among the Brown, CRS-R, and OCHSS. The Brown can be useful in screening <i>out</i> ADHD; however, its low sensitivity precludes its usefulness in diagnosing ADHD. (PsycInfo Database Record (c) 2022 APA, all rights reserved)","10.1177/108705470200500303","",NA,NA,""
"rayyan-177329555","Identificação precoce do risco para transtornos da atenção e da leitura em sala de aula.",NA,1,1,"","",29,2,"","","","por","Universidade de Brasília",NA,"In this his study the accuracy was investigated of collective pedagogical activities, based on phonological judgments by matching figures and figures to spoken words, to identify students at risk for reading and/or attention disorders. Forty-five second graders (mean age of 7 years, 29 males) were divided into two groups, a control group, without reading difficulties (n = 32), and an at-risk group, with reading difficulties (n = 13). The low-achievement on these collective activities, defined by scores more than 1.65 SD below the mean of the control group, presented good sensitivity (true positives) and specificity (true negatives) in the early identification of at risk students. (PsycINFO Database Record (c) 2017 APA, all rights reserved)","10.1590/S0102-37722013000200006","",NA,NA,""
"rayyan-177329556","Early response-to-intervention measures and criteria as predictors of reading disability in 3rd grade.",NA,1,1,"","",73,12,"","","","eng","ProQuest Information & Learning",NA,"Reading is the most valuable skill children must master early in schooling. Unfortunately, many students struggle to read and may be identified as having a Reading Disability (RD). In this dissertation, I explored the usefulness of the Response-to-Intervention (RtI) framework for identifying children with RD by examining the use of 1st and 2nd grade reading measures and responsiveness criteria for predicting RD in 3rd grade. Data were derived from a longitudinal RtI project executed in low-income, high-poverty schools in Southern California. Participants attended one of five schools from 1st to 3rd grade and had access to a high-quality Tier II intervention during their attendance. I used logistic regression to identify reading measures most useful for predicting RD in word reading/fluency (WR-F) and comprehension/vocabulary (C-V) separately; I then paired intervention responsiveness criteria with significant predictors and explored RD classification accuracy using 2x2 contingency tables. Model-based results generally yielded superior classification accuracy compared to single-measure predictors of RD; however, 1st grade word identification and 2nd grade oral reading fluency showed promise as isolated measures for predicting RD in WR-F. Model-based predictions were required to obtain adequate classification accuracy for RD in C-V. While the former finding is promising for early identification of those students in need of more intensive instruction in lexical or fluency-based skills, the latter finding reaffirms literature attesting to the complexity of RD in comprehension and difficulty of predicting such deficits using early measures of reading, which principally assess word reading skill. Models and classification analyses replicated well with an independent sample, thus enhancing confidence in study results. Practical implications and need for future research are discussed. (PsycInfo Database Record (c) 2022 APA, all rights reserved)","","",NA,NA,""
"rayyan-177334944","The role of Persian‐language word exercise games in improving spelling of students with dyslexia: Word exercise games in improving spelling.",NA,1,1,"","",36,3,"","","","eng","Wiley-Blackwell Publishing Ltd.",NA,"Children with dyslexia have reduced sensitivity to phonological sounds and words, and this deficiency in lexical processing causes many problems for them. Word exercise games based on phonological awareness have emphasized the mistakes of students with dyslexia, attempting to help children avoid these mistakes. This study was conducted to investigate the effect of Persian‐language word exercise games on the spelling of students with dyslexia. The design of the present study was quasi‐experimental, with a pretest and posttest of an experimental group and a control group. Participants were 30 students with dyslexia from second grade to fifth grade in elementary schools in Bojnord, who completed the spelling test as a pretest and posttest. The experimental group played eleven 40‐min sessions of word exercise games. The results showed that the word exercise programme improved the spelling of the children with dyslexia. This suggests that basing training on the phonological mistakes of students with dyslexia and using the word exercise games can improve their spelling. (PsycInfo Database Record (c) 2021 APA, all rights reserved)","10.1111/jcal.12400","",NA,NA,""
"rayyan-177334945","Understanding inadequate response to first-grade multi-tier intervention: Nomothetic and ideographic perspectives.",NA,1,1,"","",37,4,"","","","eng","Sage Publications",NA,"The purpose of this study was to use a mixed methods approach to learn about inadequate response to a year-long multi-tier response to intervention (RTI) model that allowed first-grade students to move up and down tiers. Participants were 156 students who received supplemental intervention services during a larger multi-tier RTI study involving classrooms and 522 students across 10 schools. Findings from an all-subset regression indicate letter word reading, the fluency composite, and blending words explained the most variance (15%) in response among initial skills. Adding additional teacher ratings of behavior and academics accounted for a small amount of additional variance (3%) in-group membership. The receiver operating characteristic curve analysis indicated 87.5% of students were correctly classified, yielding a sensitivity of 85.3 and a specificity of 65.0. Findings from qualitative observations of intervention sessions suggest inadequate responders demonstrated physical and verbal task avoidance and displayed emotions of hopelessness and shame. Implications for practice are discussed. (PsycINFO Database Record (c) 2016 APA, all rights reserved)","10.1177/0731948714526999","",NA,NA,""
"rayyan-177334946","The adaptation of an adult group screening test for dyslexia into Finland-Swedish: Normative data for university students and the effects of language background on test performance.",NA,1,1,"","",48,5,"","","","eng","Blackwell Publishing",NA,"We present a Finland-Swedish adaptation of the Sweden-Swedish group screening test for dyslexia for adults and young adults DUVAN™ (Lundberg & Wolff, 2003) together with normative data from 143 Finland-Swedish university students. The test is based on the widely held phonological deficit hypothesis of dyslexia and consists of a self-report and five subtests tapping phonological working memory, phonological representation, phonological awareness, and orthographic skill. We describe the test adaptation procedure and show that the internal reliability of the new test version is comparable to the original one. Our results indicate that the language background (Swedish, Finnish, early simultaneous Swedish-Finnish bilingualism) should be taken into account when interpreting the results on the Finland-Swedish DUVAN test. We show that the FS-DUVAN differentiates a group of students with dyslexia diagnosis from normals, and that a low performance on the FS-DUVAN correlates with a positive self-report on familial dyslexia and with a history of special education in school. Finally, we analyze the sensitivity and specificity of the FS-DUVAN for dyslexia among university students. (PsycINFO Database Record (c) 2016 APA, all rights reserved)","10.1111/j.1467-9450.2007.00592.x","",NA,NA,""
"rayyan-177334947","Investigating the added value of FreeSurfer’s manual editing procedure for the study of the reading network in a pediatric population.",NA,1,1,"","",14,NA,"","","","eng","Frontiers Media S.A.",NA,"Insights into brain anatomy are important for the early detection of neurodevelopmental disorders, such as dyslexia. FreeSurfer is one of the most frequently applied automatized software tools to study brain morphology. However, quality control of the outcomes provided by FreeSurfer is often ignored and could lead to wrong statistical inferences. Additional manual editing of the data may be a solution, although not without a cost in time and resources. Past research in adults on comparing the automatized method of FreeSurfer with and without additional manual editing indicated that although editing may lead to significant differences in morphological measures between the methods in some regions, it does not substantially change the sensitivity to detect clinical differences. Given that automated approaches are more likely to fail in pediatric—and inherently more noisy—data, we investigated in the current study whether FreeSurfer can be applied fully automatically or additional manual edits of T1-images are needed in a pediatric sample. Specifically, cortical thickness and surface area measures with and without additional manual edits were compared in six regions of interest (ROIs) of the reading network in 5-to-6-year-old children with and without dyslexia. Results revealed that additional editing leads to statistical differences in the morphological measures, but that these differences are consistent across subjects and that the sensitivity to reveal statistical differences in the morphological measures between children with and without dyslexia is not affected, even though conclusions of marginally significant findings can differ depending on the method used. Thereby, our results indicate that additional manual editing of reading-related regions in FreeSurfer has limited gain for pediatric samples. (PsycInfo Database Record (c) 2020 APA, all rights reserved)","10.3389/fnhum.2020.00143","",NA,NA,""
"rayyan-177334949","Long-term validity and diagnostic accuracy of kindergarten acadience reading with English learners.",NA,1,1,"","",51,4,"","","","eng","Taylor & Francis",NA,"Acadience Reading (AR) is a screener for early detection of reading problems in elementary students. Limited research exists, however, on its technical adequacy for evaluation of English Learners (ELs). In this study, we tested the long-term predictive validity and diagnostic accuracies of AR and examined the differences between native English-speaking and EL students. A sample of 305 students (94 ELs, 31% of the sample) completed AR at three time points in kindergarten and the statewide reading test in third grade. Hierarchical regression models confirmed good long-term validity for AR with end of the school year scores outperforming the other two time-points and EL status along with ethnic background not playing a significant role. Findings also revealed that AR at the end of the school year provided moderate long-term diagnostic accuracy for students well below benchmark. Implications for research and practice as well as limitations of the study are discussed. (PsycInfo Database Record (c) 2022 APA, all rights reserved)","10.1080/2372966X.2021.1984170","",NA,NA,""
"rayyan-177334950","Evaluation of the Bangor Dyslexia Test (BDT) for use with adults.",NA,1,1,"","",22,1,"","","","eng","John Wiley & Sons",NA,"The Bangor Dyslexia Test (BDT) is a short, easy‐to‐administer screener for use with a broad age range, which has been in use in the UK for over three decades. A distinctive feature of the battery is its focus on skills requiring aspects of verbal and phonological processing without, however, measuring literacy skills per se. Despite its longstanding existence and usage, there has been no evaluation of the psychometric properties of the battery as an adult dyslexia screener. We examined the psychometric properties of the BDT and evaluated its capacity to discriminate between adults with and without dyslexia. A large archival sample of university students with dyslexia (<i>n</i> = 193) and students with no reported literacy difficulties (<i>n</i> = 40) were compared on the BDT as well as on literacy and cognitive measures. Statistical analyses revealed the BDT to be a reliable (α = .72) and valid dyslexia screening tool with the capacity to effectively identify adults at risk of the disorder with an overall classification rate of 94% (sensitivity 96.4% and specificity 82.5%). In addition, higher indices of dyslexia risk on the BDT were associated with lower scores on standardized measures of literacy. (PsycINFO Database Record (c) 2016 APA, all rights reserved)","10.1002/dys.1520","",NA,NA,""
"rayyan-177334951","Early Identification of Reading Disabilities: Current Status and New Directions.",NA,1,1,"","",29,4,"","","","eng","Council for Exceptional Children",NA,"Despite a growing body of research, the ability to accurately identify which young children are at risk of developing reading disabilities remains elusive. The purpose of this article is to describe the issues that complicate early identification and to suggest possible avenues for exploration. Major issues facing early identification efforts include the type of measures used for screening, timing, definition of classification accuracy, and the criteria for 'at risk' and 'reading disabled' status. As a possible solution, we propose that the addition of growth measures may yield more accurate classification. (PsycINFO Database Record (c) 2016 APA, all rights reserved)","10.1177/073724770402900404","",NA,NA,"RAYYAN-INCLUSION: {""rater1""=>""Included"", ""rater2""=>""Excluded"", ""rater3""=>""Included""} | RAYYAN-LABELS: bloque 1"
"rayyan-177334952","Identifying preschool children at risk of later reading difficulties: Evaluation of two emergent literacy screening tools.",NA,1,1,"","",43,1,"","","","eng","Sage Publications",NA,"Emergent literacy skills are predictive of children’s early reading success, and literacy achievement in early schooling declines more rapidly for children who are below-average readers. It is therefore important for teachers to identify accurately children at risk for later reading difficulty so children can be exposed to effective emergent literacy interventions. In this study, 176 preschoolers were administered two screening tools, the <i>Revised Get Ready to Read!</i> (GRTR-R) and the <i>Individual Growth and Development Indicators</i> (IGDIs), and a diagnostic measure at two time points. Receiver operating characteristic curve analyses revealed that, at optimal cut scores, GRTR-R provided more accurate classification of children’s overall emergent literacy skills than did IGDIs. However, neither measure was particularly good at classifying specific emergent literacy skills. (PsycInfo Database Record (c) 2022 APA, all rights reserved)","10.1177/0022219409345007","",NA,NA,""
"rayyan-177334953","Visual occipito-temporal N1 sensitivity to digits across elementary school.",NA,1,1,"","",16,NA,"","","","eng","Frontiers Media S.A.",NA,"Number processing abilities are important for academic and personal development. The course of initial specialization of ventral occipito-temporal cortex (vOTC) sensitivity to visual number processing is crucial for the acquisition of numeric and arithmetic skills. We examined the visual N1, the electrophysiological correlate of vOTC activation across five time points in kindergarten (T1, mean age 6.60 years), middle and end of first grade (T2, 7.38 years; T3, 7.68 years), second grade (T4, 8.28 years), and fifth grade (T5, 11.40 years). A combination of cross-sectional and longitudinal EEG data of a total of 62 children (35 female) at varying familial risk for dyslexia were available to form groups of 23, 22, 27, 27, and 42 participants for each of the five time points. The children performed a target detection task which included visual presentation of single digits (DIG), false fonts (FF), and letters (LET) to derive measures for coarse (DIG vs. FF) and fine (DIG vs. LET) digit sensitive processing across development. The N1 amplitude analyses indicated coarse and fine sensitivity characterized by a stronger N1 to digits than false fonts across all five time points, and stronger N1 to digits than letters at all but the second (T2) time point. In addition, lower arithmetic skills were associated with stronger coarse N1 digit sensitivity over the left hemisphere in second grade (T4), possibly reflecting allocation of more attentional resources or stronger reliance on the verbal system in children with poorer arithmetic skills. To summarize, our results show persistent visual N1 sensitivity to digits that is already present early on in pre-school and remains stable until fifth grade. This pattern of digit sensitivity development clearly differs from the relatively sharp rise and fall of the visual N1 sensitivity to words or letters between kindergarten and middle of elementary school and suggests unique developmental trajectories for visual processing of written characters that are relevant to numeracy and literacy. (PsycInfo Database Record (c) 2022 APA, all rights reserved)","10.3389/fnhum.2022.887413","",NA,NA,""
"rayyan-177334954","Cost-effective prediction of reading difficulties.",NA,1,1,"","",47,4,"","","","eng","American Speech-Language-Hearing Assn",NA,"This study addressed 2 questions: (a) Can preschoolers who will fail at reading be more efficiently identified by targeting those at highest risk for reading problems? and (b) will auditory temporal processing (ATP) improve the accuracy of identification derived from phonological processing and oral language ability? A sample of 227 preschoolers was screened for Performance IQ and was tested on phonological awareness (PA). The upper and lower quartiles of the PA distribution were selected as being at lowest and highest risk, respectively, for reading failure. Children with good and poor PA were tested on ATP, phonological short-term memory, rapid automatized naming, oral language, receptive vocabulary, and 2 measures of listening comprehension. Reading outcomes were measured at the end of Year 2. Only 1 child in the good-PA group became a poor reader by the end of Year 2, confirming that being in the top quartile for PA predicts positive reading outcomes. Discriminant analysis using the authors' test battery within the poor-PA group identified poor readers with sensitivity of .91 and specificity of .84, but ATP did not improve classification accuracy afforded by phonological and oral language. A brief screening procedure was formulated using only PA, phonological short-term memory, and demographic variables, with which 80% of children with poor PA who are at risk of reading problems can be identified. Further refinements of this screening procedure would increase accuracy of identification at the cost of only a small increment in required testing time. (PsycINFO Database Record (c) 2017 APA, all rights reserved)","10.1044/1092-4388(2004/057)","",NA,NA,"RAYYAN-INCLUSION: {""rater1""=>""Included"", ""rater2""=>""Excluded"", ""rater3""=>""Included""} | RAYYAN-LABELS: bloque 1"
"rayyan-177334955","Developmental dyslexia: Predicting individual risk.",NA,1,1,"","",56,9,"","","","eng","Wiley-Blackwell Publishing Ltd.",NA,"Background: Causal theories of dyslexia suggest that it is a heritable disorder, which is the outcome of multiple risk factors. However, whether early screening for dyslexia is viable is not yet known. Methods: The study followed children at high risk of dyslexia from preschool through the early primary years assessing them from age 3 years and 6 months (T1) at approximately annual intervals on tasks tapping cognitive, language, and executive‐motor skills. The children were recruited to three groups: children at family risk of dyslexia, children with concerns regarding speech, and language development at 3;06 years and controls considered to be typically developing. At 8 years, children were classified as ‘dyslexic’ or not. Logistic regression models were used to predict the individual risk of dyslexia and to investigate how risk factors accumulate to predict poor literacy outcomes. Results: Family‐risk status was a stronger predictor of dyslexia at 8 years than low language in preschool. Additional predictors in the preschool years include letter knowledge, phonological awareness, rapid automatized naming, and executive skills. At the time of school entry, language skills become significant predictors, and motor skills add a small but significant increase to the prediction probability. We present classification accuracy using different probability cutoffs for logistic regression models and ROC curves to highlight the accumulation of risk factors at the individual level. Conclusions: Dyslexia is the outcome of multiple risk factors and children with language difficulties at school entry are at high risk. Family history of dyslexia is a predictor of literacy outcome from the preschool years. However, screening does not reach an acceptable clinical level until close to school entry when letter knowledge, phonological awareness, and RAN, rather than family risk, together provide good sensitivity and specificity as a screening battery. (PsycINFO Database Record (c) 2019 APA, all rights reserved)","10.1111/jcpp.12412","",NA,NA,"RAYYAN-INCLUSION: {""rater1""=>""Included"", ""rater2""=>""Included"", ""rater3""=>""Included""} | RAYYAN-LABELS: bloque 1"
"rayyan-177334956","Rapid Online Assessment of Reading (ROAR): Evaluation of an online tool for screening reading skills in a developmental-behavioral pediatrics clinic.",NA,1,1,"","",44,9,"","","","eng","Lippincott Williams & Wilkins",NA,"Objective: Reading difficulties are highly prevalent and frequently co-occur with other neurodevelopmental/behavioral conditions. It is difficult to assess reading routinely in pediatric clinical practice because of time and resource constraints. Rapid Online Assessment of Reading (ROAR) is an objective, gamified assessment that children take in a web browser without adult supervision. This study's purpose was to evaluate ROAR as a screening tool for reading difficulties in a clinical setting. Method: A convenience sample of 6- to 14-year-old children, attending an in-person or telehealth visit in a developmental-behavioral pediatrics (DBP) clinic participated. Children took ROAR and completed the Woodcock-Johnson IV Letter-Word Identification (LWID) and Word Attack (WA). Basic Reading Skills (BRS), a standardized aggregate score of LWID and WA, was used as the gold-standard assessment. The strength of association between standard scores on ROAR and BRS was calculated. BRS scores < 90 (bottom quartile) were classified as poor readers. Receiver operating characteristic (ROC) curve analysis was used to assess the quality of ROAR as a screening test. Results: A sample of 41 children, 78% boys, mean age 9.5 years (SD 2.0 years), completed the study. The correlation of ROAR standard score with BRS was r = 0.66, <i>p</i> < 0.001. ROC curve analysis with ROAR scores accurately classified poor readers with an area under the curve (AUC) of 0.90. Conclusion: ROAR is a useful objective screening tool to identify children at high risk for reading difficulties. Assessment of the tool during a busy clinic was challenging, and a larger replication is warranted. (PsycInfo Database Record (c) 2023 APA, all rights reserved)","10.1097/DBP.0000000000001226","",NA,NA,""
"rayyan-177334957","Screening for Chinese Children with Dyslexia in Hong Kong: The use of the Teachers' Behaviour Checklist.",NA,1,1,"","",24,6,"","","","eng","Taylor & Francis",NA,"Primary school teachers rated the frequency of occurrence of 65 reading-related behavioural characteristics in a sample of 251 Grade 1 to Grade 6 Chinese school children in Hong Kong. These behavioural characteristics were in the areas of general performance, reading, dictation, writing, mathematics, language, memory, concentration, sequential ability, motor co-ordination, spatial orientation, and social/emotional adjustment. Of these 12 areas, 10 yielded scale scores that could distinguish children with dyslexia from those without dyslexia, identified on the basis of their performance in five domains of literacy and cognitive skills. Using a summary score derived from the 10 relevant scales, an optimal cut-off score was suggested to arrive at a balance between high sensitivity and an acceptable rate of false positives in screening for children with dyslexia. The need for cross-replication in screening children with dyslexia using the behaviour checklist with different samples of school students is emphasised. (PsycINFO Database Record (c) 2016 APA, all rights reserved)","10.1080/0144341042000271769","",NA,NA,""
"rayyan-177334958","Computerised screening for dyslexia in adults.",NA,1,1,"","",32,1,"","","","eng","Wiley-Blackwell Publishing Ltd.",NA,"Identifying dyslexia in adulthood presents particular challenges because of complicating factors such as acquisition of compensatory strategies, differing degrees of intervention and the problem of distinguishing dyslexic adults from those whose literacy difficulties have non-cognitive causes. One of the implications is that conventional literacy measures, per se, do not provide a satisfactory basis for screening for dyslexia in adulthood as some dyslexic adults have above-average literacy skills and some non-dyslexic adults have very poor literacy skills. This study examined an alternative approach to dyslexia screening, using three tests that depend heavily on phonological processing, lexical access and working memory, but which are not conventional measures of literacy. Using these tests, which are computer delivered, 70 dyslexic adults from three different types of educational institution were compared with 69 non-dyslexic adults from the same institutions. The results showed that the dyslexic and non-dyslexic groups were significantly different on all three computer-based tests, with an average effect size of 1.55. Adaptive versions of these tests were then created to reduce overall administration time for the suite to about 15 minutes. Analysis showed that the combined scaled scores from the adaptive versions of the three tests significantly discriminated the dyslexic from the non-dyslexic group with an increased effect size of 2.07 and with a sensitivity rate of 90.6% and a specificity rate of 90.0%. It was concluded that this approach is a valid and useful method of identifying dyslexia in adulthood, which, given the ease of administration to large numbers of adults, has noted advantages for education and employment. (PsycInfo Database Record (c) 2022 APA, all rights reserved)","10.1111/j.1467-9817.2008.01386.x","",NA,NA,"RAYYAN-INCLUSION: {""rater1""=>""Excluded"", ""rater2""=>""Excluded"", ""rater3""=>""Excluded""} | RAYYAN-LABELS: bloque 1 | USER-NOTES: {""rater1""=>[""son adultos""]}"
"rayyan-177334959","Évaluation ouverte de l'efficacité de la prise en charge en milieu spécialisé de 31 enfants avec un trouble spécifique sévère du langage oral/écrit.",NA,1,1,"","",161,3,"","","","fre","Masson",NA,"Introduction. Up to 3 percent of the children in France present severe and specific language and/or reading disorders, despite regular remedial therapies. Few studies have measured the effectiveness of treatment administered in a specialist unit. Patients and method. The aims of this study, focusing on children diagnosed as dysphasie and/or dyslexic, were: 1) to evaluate the effects on reading, spelling and numeracy of therapies as applied by a remedial care unit over an academic year (2001-2002); 2) to compare the sensitivity of the three reading evaluating tools routinely used in France; and 3) to isolate progress prognosticators. During the academic year 2001-2002, 31 children (18 dyslexic and 13 dysphasie) were attending school in our unit. The teaching program and intensive speech therapy (3 hours/ week) were tailored for each child according to his/her specific disorders. Reading, spelling and numeracy developmental skills of each child were evaluated by appropriate tools at the beginning and at the end of the year. Impairment was defined by measuring the gap between the observed and the expected skills, according to each child's age. Using a self-control method, progress achieved by each child throughout the year was calculated with each tool, in each subject, by subtracting the impairments disclosed at the beginning from those disclosed at the end of the year. Progression was classified within three groups according to the progress normally expected over an academic year (i.e. nine months) from children with no disabilities attending school regularly; a progression fewer than three months was considered as no progression. Uni- and multivariate analyses including age (≤9/>9), type of pathology (dysphasia/dyslexia), and intellectual quotient (IQ) as covariates was carried out to search for independent prognosticators. Results. The entire group demonstrated during the year significant progress for reading (p=0.0001), spelling (p=0.0001) and numeracy (p=0.0001). Nineteen children (61 percent) showed more progress in reading than normally expected over nine months. Out of the remaining 12 children, 10 demonstrated more progress in spelling and/or numeracy than normally expected over nine months. All three reading evaluation tools disclosed a progression although one was less efficient (p=0.05). Multivariate analysis disclosed age <9 and dysphasia as independent progress prognosticators. Conclusion. Placement in a specialist unit allows children suffering from severe dyslexia and dysphasia to lessen the gap in reading, spelling and numeracy. The two prognosticators disclosed highlight the importance of early diagnosis (i. e. before nine years old) and treatment of specific language and/or reading disorders. (PsycINFO Database Record (c) 2016 APA, all rights reserved)","10.1016/S0035-3787(05)85036-2","",NA,NA,""
"rayyan-177334960","Evaluating contextually adapted reading interventions with third-grade, Costa Rican students experiencing significant reading difficulties.",NA,1,1,"","",40,1,"","","","eng","Sage Publications",NA,"Scholarship in school psychology has continued to document the need and importance of contextually relevant intervention and prevention research, but this type of research remains relatively scarce. Also problematic, this type of research is even more limited in low- and middle-income countries (LMIC) compared to high-income countries. This situation within school psychology scholarship not only has negative implications for research and practice, it also limits internationalization within the discipline. The geographical context for the present study was in Costa Rica, currently a Latin American LMIC. Given the global importance of literacy, this article describes an experimental evaluation comparing two time- and resource-efficient reading interventions that differed only by instructional grouping: A one-on-one intervention, and an even more resource-efficient small-group intervention. Participants included third-graders experiencing significant reading difficulties. Analyses showed that all students benefitted from intervention, but some students responded somewhat more favorably to one intervention versus the other. Limitations, implications, and future research directions are discussed, particularly within the context of international school psychology and how professionals in the discipline can benefit from more intervention research in otherwise underrepresented global regions. (PsycInfo Database Record (c) 2020 APA, all rights reserved)","10.1177/0143034318796875","",NA,NA,""
"rayyan-177334961","Evaluation of the psychometric properties of 'the Norwegian screening test for dyslexia'.",NA,1,1,"","",24,3,"","","","eng","John Wiley & Sons",NA,"The aim of this study was to develop and investigate the psychometric properties of a screening protocol for Norwegian students in upper secondary school. The protocol was designed to assess skills that are at stake in dyslexia. It was administered to 232 students. In the absence of a 'gold standard,' comparisons were made between students who reported normal literacy skills (<i>n</i> = 184) and literacy problems (<i>n</i> = 48). Significant group differences were found across all areas. Logistic regression and receiver operating characteristic curve analyses demonstrated good discriminatory power. The screening protocol met the standards for reliability and validity. It has the potential to be a useful tool for teachers to identify students at risk for dyslexia and who thus need to be referred to a full diagnostic investigation. (PsycInfo Database Record (c) 2023 APA, all rights reserved)","10.1002/dys.1577","",NA,NA,""
"rayyan-177334962","Collective screening tools for early identification of dyslexia.",NA,1,1,"","",5,NA,"","","","eng","Frontiers Media S.A.",NA,"Current response to intervention models (RTIs) favor a three-tier system. In general, Tier 1 consists of evidence-based, effective reading instruction in the classroom and universal screening of all students at the beginning of the grade level to identify children for early intervention. Non-responders to Tier 1 receive small-group tutoring in Tier 2. Nonresponders to Tier 2 are given still more intensive, individual intervention in Tier 3. Limited time, personnel and financial resources derail RTI’s implementation in Brazilian schools because this approach involves procedures that require extra time and extra personnel in all three tiers, including screening tools which normally consist of tasks administered individually. We explored the accuracy of collectively and easily administered screening tools for the early identification of second graders at risk for dyslexia in a two-stage screening model. A first-stage universal screening based on collectively administered curriculum-based measurements was used in 45 7 years old early Portuguese readers from 4 second-grade classrooms at the beginning of the school year and identified an at-risk group of 13 academic low-achievers. Collectively administered tasks based on phonological judgments by matching figures and figures to spoken words [alternative tools for educators (ATE)] and a comprehensive cognitive-linguistic battery of collective and individual assessments were both administered to all children and constituted the second-stage screening. Low-achievement on ATE tasks and on collectively administered writing tasks (scores at the 25th percentile) showed good sensitivity (true positives) and specificity (true negatives) to poor literacy status defined as scores ≤1 SD below the mean on literacy abilities at the end of fifth grade. These results provide implications for the use of a collectively administered screening tool for the early identification of children at risk for dyslexia in a classroom setting. (PsycINFO Database Record (c) 2017 APA, all rights reserved)","10.3389/fpsyg.2014.01581","",NA,NA,"RAYYAN-INCLUSION: {""rater1""=>""Excluded"", ""rater2""=>""Included"", ""rater3""=>""Excluded""} | RAYYAN-LABELS: bloque 1 | USER-NOTES: {""rater1""=>[""edad""]}"
"rayyan-177334963","Lexical-level predictors of reading comprehension in third grade: Is spelling a unique contributor?",NA,1,1,"","",28,4,"","","","eng","American Speech-Language-Hearing Assn",NA,"Purpose: Considerable research effort has focused on understanding reading comprehension and reading comprehension difficulties. The purpose of this correlational study was to add to the small but growing body of literature on the role that spelling may play in reading comprehension, by investigating the full range of lexical-level literacy skills and whether spelling makes a unique contribution. This study also explored whether these relations vary with the spelling scoring metric. Method: Data were collected from 63 children attending Grade 3 in a Midwestern state. In addition to measuring reading comprehension, word recognition, and vocabulary, 4 spelling scoring metrics were examined: the number of words spelled correctly, the number of correct letter sequences (CLS), and Spelling Sensitivity Scores for elements and for words. Results: All spelling metrics were significantly correlated with reading comprehension. Results of hierarchical regressions showed that spelling was a significant, unique predictor of reading comprehension when the CLS metric was used. The scoring metrics were differentially related to reading comprehension. Metrics that gave credit based on orthographic precision only (number of words spelled correctly and CLS) were more highly related to reading comprehension than metrics that scored not only on orthographic accuracy but also on phonological and morphological accuracy (Spelling Sensitivity Scores for elements and for words). Conclusion: These results indicate that spelling is related to reading comprehension and have theoretical and clinical implications for the use of spelling assessment. (PsycINFO Database Record (c) 2020 APA, all rights reserved)","10.1044/2019_AJSLP-18-0299","",NA,NA,""
"rayyan-177334965","Letter-name knowledge: Predicting reading and writing difficulties.",NA,1,1,"","",37,NA,"","","","eng","Pontificia Universidade Católica de Campinas",NA,"[Correction Notice: An Erratum for this article was reported in Vol 37[e180173e] of <i>Estudos de Psicologia</i> (see record [rid]2020-12439-001[/rid]). In the original article, there was an error on the cover page in article thematic. The corrections are present in the erratum.] The knowledge of letter names measured just before children enter school has been known for a long time as one of the best longitudinal predictors of learning to read in an alphabetic writing system. After a period during which the comprehensive investigation of this relationship was largely disregarded, there is now a growing interest in attempts to understand the role(s) letter names play in literacy acquisition. This paper reviews these recent studies and emphasizes their main findings regarding the influence of letter-name knowledge in early and formal literacy for three main components of literacy acquisition: first, the emergence of the phonological processing of print; then, the learning of letter-sound correspondences; finally, the development of phonemic sensitivity skills. The final section discusses the status of letter-name knowledge (LNK) in literacy acquisition and suggests possible directions for further research. (PsycInfo Database Record (c) 2022 APA, all rights reserved)","10.1590/1982-0275202037e180173","",NA,NA,""
"rayyan-177334966","Sensitivity of an abbreviated neuropsychological battery in screening for reading disability.",NA,1,1,"","",71,9,"","","","eng","ProQuest Information & Learning",NA,"Identification of reading disorder in children is the first step in providing appropriate intervention. Neuropsychological assessment provides comprehensive information regarding cognitive strengths and weaknesses; however, there are several inherent drawbacks to this type of evaluation that limit its accessibility, including the time and cost involved. The objective of this study was to determine whether an abbreviated neuropsychological battery, decreasing both time and cost could effectively identify reading disorder. 78 children, ages 6–18, were administered the Woodcock Johnson Academic Achievement Scales, Third Edition (WJ-III) Broad Reading Index, the California Verbal Learning Test for Children (CVLT-C), the Behavior Rating Inventory of Executive Function (BRIEF), and the Matrix Reasoning, Similarities, Block Design, and Vocabulary subtests of the Wechsler Intelligence Scales for Children, Fourth Edition (WISC-IV). Of these 78 children 52 had been previously diagnosed with reading disorder, while the remaining 26 had no diagnosis. A discriminant function analysis resulted in a significant Wilks' Lambda and the abbreviated battery successfully classified cases into their correct diagnostic groups at a rate of 80%. Two subsequent analyses were computed, first with the combination of the WJ-III, the BRIEF, and Similarities, and then with just the WJ-III. Results of these analyses indicated that both models significantly discriminated between groups. The three variable model predicted diagnostic classification with 78% accuracy, while the single variable model predicted with 65% accuracy. Results of this study suggest that an abbreviated battery can have diagnostic utility in screening for reading disorder. (PsycInfo Database Record (c) 2022 APA, all rights reserved)","","",NA,NA,""
"rayyan-177334967","How can we improve the accuracy of screening instruments?",NA,1,1,"","",24,4,"","","","eng","Wiley-Blackwell Publishing Ltd.",NA,"Screening for early reading problems is a critical step in early intervention and prevention of later reading difficulties. Evaluative frameworks for determining the utility of a screening process are presented in the literature but have not been applied to many screening measures currently in use in numerous schools across the nation. In this study, the accuracy of several Dynamic Indicators of Basic Early Literacy Skills (DIBELS) subtests in predicting which students were at risk for reading failure in first grade was examined in a sample of 12,055 students in Florida. Findings indicate that the DIBELS Nonsense Word Fluency, Initial Sound Fluency, and Phoneme Segmentation Fluency measures show poor diagnostic utility in predicting end of Grade 1 reading performance. DIBELS Oral Reading Fluency in fall of Grade 1 had higher classification accuracy than other DIBELS measures, but when compared to the classification accuracy obtained by assuming that no student had a disability, suggests the need to reevaluate the use of classification accuracy as a way to evaluate screening measures without discussion of base rates. Additionally, when cut scores on the screening tools were set to capture 90 percent of all students at risk for reading problems, a high number of false positives were identified. Finally, different cut scores were needed for different subgroups, such as English Language Learners. Implications for research and practice are discussed. (PsycINFO Database Record (c) 2016 APA, all rights reserved)","10.1111/j.1540-5826.2009.00291.x","",NA,NA,""
"rayyan-177334970","Screening for dyslexia, dyspraxia and Meares-Irlen syndrome in higher education.",NA,1,1,"","",15,1,"","","","eng","John Wiley & Sons",NA,"This study reports a comparison of screening tests for dyslexia, dyspraxia and Meares-Irlen (M-I) syndrome in a Higher Education setting, the University of Worcester. Using a sample of 74 volunteer students, we compared the current tutor-delivered battery of 15 subtests with a computerized test, the Lucid Adult Dyslexia Screening test (LADS), and both of these with data on assessment outcomes. The sensitivity of this tutor battery was higher than LADS in predicting dyslexia, dyspraxia or M-I syndrome (91% compared with 66%) and its specificity was lower (79% compared with 90%). Stepwise logistic regression on these tests was used to identify a better performing subset of tests, when combined with a change in practice for M-I syndrome screening. This syndrome itself proved to be a powerful discriminator for dyslexia and/or dyspraxia, and we therefore recommend it as the first stage in a two-stage screening process. The specificity and sensitivity of the new battery, the second part of which comprises LADS plus four of the original tutor delivered subtests, provided the best overall performance: 94% sensitivity and 92% specificity. We anticipate that the new two-part screening process would not take longer to complete. (PsycINFO Database Record (c) 2016 APA, all rights reserved)","10.1002/dys.382","",NA,NA,""
"rayyan-177334971","An exploration of the validity of the Personality Inventory for Youth (PIY) as a potential screener for intellectual disability, reading disability, and attentional impairment.",NA,1,1,"","",78,5,"","","","eng","ProQuest Information & Learning",NA,"This study examined the criterion validity of youth self-report of cognitive, learning, and attentional capacities on the Personality Inventory for Youth (PIY). The utility of the PIY Cognitive Impairment (COG) and Impulsivity and Distractibility (ADH) scales as screeners for intellectual disability, reading disability, and attentional impairment was explored. Data was drawn from a sample of 1134 youth ages 9 to 18 from an inpatient psychiatric hospital who completed the PIY. Unlike the other PIY COG scales, elevations on the Learning Problems Subscale (COG3) significantly predicted the presence of limited intellectual ability (IQ<80) and intellectual disability (IQ<70) with moderate classification accuracy. ROC curve analyses revealed that PIY COG scales had poor ability to classify those with reading disability and PIY ADHD scales showed poor ability to classify those with attention impairment. As expected, ratings on the COG scales were significantly negatively associated with continuous scores on objective measures of intellectual functioning. Greater endorsement of Learning Problems (PIY COG3) and Cognitive Impairment (PIY COG) was associated with lower scores on a measure of reading achievement. Ratings on the PIY ADH scales were significantly negatively associated with continuous scores on some objective measures of attentional functioning. Results indicate the Learning Problems (COG3) subscale has potential utility as a screener for limited IQ or intellectual disability. Additionally, youth appear able, to some extent, to gauge their own reading and attentional abilities and report on them in a forthright manner on the PIY; however, their report becomes less accurate when deficits rise to the level of reading disability or attentional impairment. (PsycINFO Database Record (c) 2017 APA, all rights reserved)","","",NA,NA,"RAYYAN-INCLUSION: {""rater1""=>""Excluded"", ""rater2""=>""Excluded"", ""rater3""=>""Excluded""} | RAYYAN-LABELS: bloque 1 | USER-NOTES: {""rater1""=>[""el titulo lo dice todo ""]}"
"rayyan-177334972","Construcción y Validación Inicial de una Escala para la Detección de Alumnado con Dificultades Específicas de Aprendizaje.",NA,1,1,"","",65,4,"","","","spa","Asociación Iberoamericana de Diagnóstico y Evaluación Psicológíca",NA,"New trends in research on Specific Learning Disabilities (SLD) highlight the importance of having instruments for their early detection in the classroom context, considering the role of teachers in the identification of issues in their students’ basic learning. The aim of this paper is to analyse the preliminary psychometric properties of <i>Escala para la Detección de Alumnado con Dificultades Específicas de Aprendizaje</i> (Scale for Detection of Students with Specific Learning Disabilities) -EDDEA, designed to detect the risk and/or presence of reading and writing difficulties in children aged 3 to 8 years. The scale reliability was obtained applying McDonald’s Omega (ωt) and PERMANOVA was used to obtain evidence of criterion validity. Excellent internal consistency levels and accurate validity levels were obtained, highlighting sensitivity and specificity values. EDDEA characteristics support its utility to be employed as a reliable and valid tool for early detection and prevention of SLD. (PsycInfo Database Record (c) 2023 APA, all rights reserved)","10.21865/RIDEP65.4.08","",NA,NA,"RAYYAN-INCLUSION: {""rater1""=>""Excluded"", ""rater2""=>""Included"", ""rater3""=>""Included""} | RAYYAN-LABELS: bloque 1 | USER-NOTES: {""rater1""=>[""habiamos dicho solo lectura no?""]}"
"rayyan-177334973","Neural responses to musical rhythm in Chinese children with reading difficulties.",NA,1,1,"","",11,NA,"","","","eng","Frontiers Media S.A.",NA,"The perception of the musical rhythm has been suggested as one of the predicting factors for reading abilities. Several studies have demonstrated that children with reading difficulties (RD) show reduced neural sensitivity in musical rhythm perception. Despite this prior evidence, the association between music and reading in Chinese is still controversial. In the present study, we sought to answer the question of whether the musical rhythm perception of Chinese children with RD is intact or not, providing further clues on how reading and music might be interlinked across languages. Oddball paradigm was adapted for testing the difference of musical rhythm perception, including predictable and unpredictable omission, in elementary school children with RD and typically developing age-controlled children with magnetoencephalography (MEG). We used the cluster-based permutation tests to examine the statistical difference in neural responses. The event-related field (ERF) components, mismatch negativity (MMNm) and P3a(m), were elicited by the rhythmical patterns with omitted strong beats. Specifically, differential P3a(m) components were found smaller in children with RD when comparing the rhythmical patterns between predictable and unpredicted omission patterns. The results showed that brain responses to the omission in the strong beat of an unpredicted rhythmic pattern were significantly smaller in Chinese children with RD. This indicated that children with RD may be impaired in the auditory sensitivity of rhythmic beats. This also suggests that children with reading difficulties may have atypical neural representations of rhythm that could be one of the underlying factors in dysfluent reading development. (PsycInfo Database Record (c) 2022 APA, all rights reserved)","10.3389/fpsyg.2020.01013","",NA,NA,""
"rayyan-177334974","'Early detection of dyslexia risk: Development of brief, teacher-administered screens': Corrigendum.",NA,1,1,"","",44,3,"","","","eng","Sage Publications",NA,"Reports an error in 'Early detection of dyslexia risk: Development of brief, teacher-administered screens' by Jack M. Fletcher, David J. Francis, Barbara R. Foorman and Christopher Schatschneider (<i>Learning Disability Quarterly</i>, 2021[Aug], Vol 44[3], 145-157). In the online version of the article, the following information was inadvertently left out: Declaration of Conflicting Interests The author(s) declared the following potential conflicts of interest with respect to the research, authorship, and/or publication of this article: Jack M. Fletcher and Barbara R. Foorman receive royalties from the University of Texas, and David J. Francis receives royalties from the University of Houston, for sales of the TPRI outside of Texas. The referenced article has been corrected accordingly. (The following abstract of the original article appeared in record [rid]2021-69810-003[/rid]). Many states now mandate early screening for dyslexia, but vary in how they address these mandates. There is confusion about the nature of screening versus diagnostic assessments, risk versus diagnosis, concurrent versus predictive validity, and inattention to indices of classification accuracy as the basis for determining risk. To help define what constitutes a screening assessment, we summarize efforts to develop short (3–5 min), teacher-administered screens that used multivariate strategies for variable selection, item response theory to select items that are most discriminating at a threshold for predicting risk, and statistical decision theory. These methods optimize prediction and lower the burden on teachers by reducing the number of items needed to evaluate risk. A specific goal of these efforts was to minimize decision errors that would result in the failure to identify a child as at risk of dyslexia/reading problems (false negatives) despite the inevitable increase in identifications of children who eventually perform in the typical range (false positives). Five screens, developed for different periods during kindergarten, Grade 1, and Grade 2, predicted outcomes measured later in the same school year (Grade 2) or in the subsequent year (Grade 1). The results of this approach to development are applicable to other screening methods, especially those that attempt to predict those children at risk of dyslexia prior to the onset of reading instruction. Without reliable and valid early <i>predictive</i> screening measures that reduce the burden on teachers, early intervention and prevention of dyslexia and related reading problems will be difficult. (PsycInfo Database Record (c) 2023 APA, all rights reserved)","10.1177/0731948720983615","",NA,NA,"RAYYAN-INCLUSION: {""rater1""=>""Excluded"", ""rater2""=>""Included"", ""rater3""=>""Included""} | RAYYAN-LABELS: bloque 1"
"rayyan-177334975","Silent word-reading fluency is strongly associated with orthotactic sensitivity among elementary school children.",NA,1,1,"","",205,NA,"","","","eng","Elsevier Science",NA,"Some written languages (the so-called 'deep orthographies' such as English) have often unpredictable links to word sounds, making some written words difficult to associate with their spoken forms (i.e., to decode), thereby impeding comprehension. To read these languages efficiently for comprehension, readers require visual cues such as predictable spelling patterns (orthotactic conventions). Sensitivity to English orthotactic conventions (e.g., which letters are sometimes doubled, where configurations such as <i>wh</i> can typically be found in a word) was assessed in a cross-sectional sample of children (<i>N</i> = 271, ages 5–11 years) in kindergarten through Grade 5 using a word-likeness task. Orthotactic sensitivity was strongly correlated with silent word-reading fluency, an important reading skill used frequently in daily life to obtain information, and was modestly correlated with lexical spelling recognition. Among fluent decoders of predictable letter–sound relations, orthotactic sensitivity began to emerge prior to formal reading instruction and developed rapidly from kindergarten to Grade 2. About two thirds of dysfluent decoders (a proxy for dyslexia) demonstrated above-chance orthotactic sensitivity; however, their performance lagged behind that of fluent decoders through Grade 5. Orthotactic acquisition, possible reasons for impairment, and classroom implications are discussed. (PsycInfo Database Record (c) 2022 APA, all rights reserved)","10.1016/j.jecp.2020.105061","",NA,NA,""
"rayyan-177334976","RADAR: A novel fast-screening method for reading difficulties with special focus on dyslexia.",NA,1,1,"","",12,8,"","","","eng","Public Library of Science",NA,"Dyslexia is a developmental learning disorder of single word reading accuracy and/or fluency, with compelling research directed towards understanding the contributions of the visual system. While dyslexia is not an oculomotor disease, readers with dyslexia have shown different eye movements than typically developing students during text reading. Readers with dyslexia exhibit longer and more frequent fixations, shorter saccade lengths, more backward refixations than typical readers. Furthermore, readers with dyslexia are known to have difficulty in reading long words, lower skipping rate of short words, and high gaze duration on many words. It is an open question whether it is possible to harness these distinctive oculomotor scanning patterns observed during reading in order to develop a screening tool that can reliably identify struggling readers, who may be candidates for dyslexia. Here, we introduce a novel, fast, objective, non-invasive method, named Rapid Assessment of Difficulties and Abnormalities in Reading (RADAR) that screens for features associated with the aberrant visual scanning of reading text seen in dyslexia. Eye tracking parameter measurements that are stable under retest and have high discriminative power, as indicated by their ROC (receiver operating characteristic) curves, were obtained during silent text reading. These parameters were combined to derive a total reading score (TRS) that can reliably separate readers with dyslexia from typical readers. We tested TRS in a group of school-age children ranging from 8.5 to 12.5 years of age. TRS achieved 94.2% correct classification of children tested. Specifically, 35 out of 37 control (specificity 94.6%) and 30 out of 32 readers with dyslexia (sensitivity 93.8%) were classified correctly using RADAR, under a circular validation condition (see section Results/Total Reading Score) where the individual evaluated was not included in the test construction group. In conclusion, RADAR is a novel, automated, fast and reliable way to identify children at high risk of dyslexia that is amenable to large-scale screening. Moreover, analysis of eye movement parameters obtained with RADAR during reading will likely be useful for implementing individualized treatment strategies and for monitoring objectively the success of chosen interventions. We envision that it will be possible to use RADAR as a sensitive, objective, and quantitative first pass screen to identify individuals with reading disorders that manifest with abnormal oculomotor reading strategies, like dyslexia. (PsycInfo Database Record (c) 2020 APA, all rights reserved)","10.1371/journal.pone.0182597","",NA,NA,""
"rayyan-177334977","Identifying dyslexia risk for sport-related concussion management: Sensitivity and specificity of self-report and rapid naming.",NA,1,1,"","",33,3,"","","","eng","Taylor & Francis",NA,"Background: Dyslexia is the most common type of learning disability and studies have shown that student-athletes with learning disabilities sustain more concussions than their non-affected peers. However, current methods of dyslexia identification in college students are potentially invalid because they rely on students to self-report formal dyslexia diagnoses. Methods: To test the accuracy of self-report against two alternative methods of dyslexia screening, 94 college students completed three dyslexia symptom inventories, two rapid naming (RAN) tasks, and a standard word reading measure. Results: Reliability was acceptable for screening purposes on the inventories (α =.70, −.72), and excellent for RAN (α = .91, −.94). Specificity was acceptable (82.5%), but sensitivity was low (14.3%) when students self-reported suspected diagnoses of reading impairment. Sensitivity and specificity were higher for the digit RAN task (71 and 98%, respectively) compared to the letter RAN task (57 and 90%). Sensitivity (92.7%) and specificity (92.5%) were optimal when a cut-score of ≥27 seconds was used. A binary logistic regression showed digit RAN alone significantly predicted whether students were classified as typical or inefficient readers, <i>p</i> < .001, whereas the most reliable dyslexia inventory alone did not, <i>p</i> = .284. Including inventories along with RAN provided no additional predictive value. Conclusion: Self-report inventories missed many cases of inefficient word reading. The digit RAN task classified 93.6% of the cases correctly compared to 72.3% for self-report inventory. Thus, we recommend that neuropsychologists working with college concussion management programs add to their baseline screening protocols the digit RAN task, which can be completed in less than one minute. (PsycInfo Database Record (c) 2023 APA, all rights reserved)","10.1080/13854046.2018.1474950","",NA,NA,""
"rayyan-177334978","Can a simple, short-term memory task help to screen dyslexia?",NA,1,1,"","",41,1,"","","","eng","Springer",NA,"Funding to support students with dyslexia in post-compulsory education is under pressure and more efficient assessments may offset some of this shortfall. We tested potential tasks for screening dyslexia: recall of adjective-noun, compared to noun-adjective, pairings (syntax) and recall of high versus low frequency letter pairings (bigrams). Students who reported themselves as dyslexic failed to show a normal syntax effect (greater recall of adjective-noun compared to noun-adjective pairings) and no significant difference in recall between the two types of bigrams whereas students who were not dyslexic showed the syntax effect and a bias towards recalling high frequency bigrams. Findings are consistent with recent explanations of dyslexia suggesting that those affected find it difficult to learn and utilise sequential long-term order information (Szmalec et al. <i>Journal of Experimental Psychology: Learning, Memory & Cognition, 37</i>(5) ,1270-1279, 2011). Further, ROC curve analyses revealed both tasks showed acceptable diagnostic properties as they were able to discriminate between the two groups of participants. (PsycInfo Database Record (c) 2022 APA, all rights reserved)","10.1007/s12144-019-00568-4","",NA,NA,"RAYYAN-INCLUSION: {""rater1""=>""Excluded"", ""rater2""=>""Excluded"", ""rater3""=>""Included""} | RAYYAN-LABELS: bloque 1 | USER-NOTES: {""rater1""=>[""edad""]}"
"rayyan-177334979","Intelligence test at preschool-age predicts reading difficulty among school-aged very low birth weight infants in Japan.",NA,1,1,"","",40,9,"","","","eng","Elsevier Science",NA,"Objective: To elucidate whether the results of an intelligence test at preschool age are predictive of reading difficulty (RD) at school age among very low birth weight infants (VLBWI). Methods: Subjects were 48 Japanese children whose birth weight was <1500 g and who regularly visited a follow-up clinic. All subjects completed the Wechsler Intelligence Scale for Children-III (WISC-III) during the last grade of kindergarten, and four reading tasks during the second to fourth grade of elementary school. All participants had a full-scale intelligence quotient score of 85 or higher. Subjects with a standard deviation reading time score greater than 2.0 in two or more tasks were considered to have RD. We evaluated the associations between each WISC-III score and RD using logistic regression analyses. Furthermore, we performed receiver operating characteristic (ROC) analysis to determine a cutoff WISC-III score predictive of RD. Results: In the mutually-adjusted model, the adjusted odds ratio per 1 score increase of freedom from distractibility (FD) was 0.832 (95% confidence interval: 0.720–0.962). In the ROC analysis, an FD score of <95.5 was chosen as the cutoff value for predicting RD (sensitivity, 0.77; specificity, 0.74). Conclusion: The present study indicated that a lower FD score at preschool age, which was associated with deficits in verbal working memory and attention, is a risk factor for RD at school age among Japanese VLBWI. Further investigation is desired to clarify the cognitive deficits underlying RD in Japanese-speaking preterm children, and to establish appropriate interventions for these children. (PsycINFO Database Record (c) 2018 APA, all rights reserved)","10.1016/j.braindev.2018.05.002","",NA,NA,""
"rayyan-177334980","Curriculum-based measurement of oral reading (R-CBM): A diagnostic test accuracy meta-analysis of evidence supporting use in universal screening.",NA,1,1,"","",52,4,"","","","eng","Elsevier Science",NA,"A great deal of research over the past decade has examined the appropriateness of curriculum-based measurement of oral reading (R-CBM) in universal screening. Multiple researchers have meta-analyzed available correlational evidence, yielding support for the interpretation of R-CBM as an indicator of general reading proficiency. In contrast, researchers have yet to synthesize diagnostic accuracy evidence, which pertains to the defensibility of the use of R-CBM for screening purposes. The overall purpose of this research was to therefore conduct the first meta-analysis of R-CBM diagnostic accuracy research. A systematic search of the literature resulted in the identification of 34 studies, including 20 peer-reviewed articles, 7 dissertations, and 7 technical reports. Bivariate hierarchical linear models yielded generalized estimates of diagnostic accuracy statistics, which predominantly exceeded standards for acceptable universal screener performance. For instance, when predicting criterion outcomes within a school year (≤ 9 months), R-CBM sensitivity ranged between .80 and .83 and specificity ranged between .71 and .73. Multiple moderators of R-CBM diagnostic accuracy were identified, including the (a) R-CBM cut score used to define risk, (b) lag in time between R-CBM and criterion test administration, and (c) percentile rank corresponding to the criterion test cut score through which students were identified as either truly at risk or not at risk. Follow-up analyses revealed substantial variability of extracted cut scores within grade and time of year (i.e., fall, winter, and spring). This result called into question the inflexible application of a single cut score across contexts and suggested the potential necessity of local cut scores. Implications for practices, directions for future research, and limitations are discussed. (PsycInfo Database Record (c) 2024 APA, all rights reserved)","10.1016/j.jsp.2014.06.002","",NA,NA,"RAYYAN-INCLUSION: {""rater1""=>""Included"", ""rater2""=>""Included"", ""rater3""=>""Excluded""} | RAYYAN-LABELS: bloque 1 | USER-NOTES: {""rater1""=>[""tengo duda de si podemos meter un metaanalisis ""]}"
"rayyan-177334983","Accuracy of teacher assessments of second-language students at risk for reading disability.",NA,1,1,"","",34,2,"","","","eng","PRO-ED",NA,"Examined the accuracy of teacher assessments in screening for reading disabilities among ESL students and with English as a first language (L1). Academic and oral language tests were administered to 369 children (249 ESL, 120 L1) at the beginning of Grade 1 and at the end of Grade 2. Concurrently, 51 teachers nominated children at risk for reading failure and completed rating scales assessing academic and oral language skills. Scholastic records were reviewed for notation of concern or referral. The criterion measure was a standardized reading score based on phonological awareness, rapid naming, word recognition, and spelling. Results indicate that teacher rating scales and nominations had low sensitivity in identifying ESL and L1 students at risk for reading disability at the 1-yr mark. Relative to other forms of screening, teacher-expressed concern had lower sensitivity. Finally, oral language proficiency contributed to misclassifications in the ESL group. (PsycInfo Database Record (c) 2024 APA, all rights reserved)","10.1177/002221940103400204","",NA,NA,"RAYYAN-INCLUSION: {""rater1""=>""Included"", ""rater2""=>""Included"", ""rater3""=>""Excluded""} | RAYYAN-LABELS: bloque 1 | USER-NOTES: {""rater1""=>[""lo inclui por duda no se si se refiere 1ºgrado de la eso de primaria de infantil""]}"
"rayyan-177334985","The impact of lexical specificity training on at-risk emergent bilinguals.",NA,1,1,"","",44,5,"","","","eng","Cambridge University Press",NA,"Emergent bilinguals (EBs) who are exposed to societal language at school but use another language at home may experience difficulties in mastering the societal language, especially those at risk for language and reading disabilities. Learning phonologically specific new words that discriminate between phonemes may foster phonological awareness and word reading. This study examined the effectiveness of a lexical specificity intervention program that targeted phoneme discrimination in EBs at risk for reading disabilities. EBs who scored below the 25th percentile on the screening measures were selected and randomly assigned to one of two conditions: at-risk intervention or at-risk control. Of the 76 EBs in the at-risk group, 40 were randomly assigned to receive the intervention. A group of 51 typically developing EBs who did not meet the risk criteria were selected as typical controls. The pre- and post-tests include phoneme discrimination, phonological awareness, rapid automatized naming, fluency, and decoding. The at-risk intervention group showed improvement on the phoneme discrimination task after the intervention and outperformed the at-risk control group but not the typical control group. In addition, growth was observed during both the training and testing sessions of the intervention. The lexical specificity intervention could be a good resource to enhance a key precursor to literacy development for at-risk EBs. (PsycInfo Database Record (c) 2023 APA, all rights reserved)","10.1017/S0142716423000309","",NA,NA,""
"rayyan-177334986","Preliminary validation of the CI-FRA checklist: A simple screening tool for measuring the early signs of reading and spelling disorders in Italian primary students.",NA,1,1,"","",11,NA,"","","","eng","Frontiers Media S.A.",NA,"Although several screening tests for recognizing early signs of reading and spelling difficulties have been developed, brief and methodologically grounded tools for teachers are very limited. The present study aimed to lay the foundation for a new screening tool for teachers: the Checklist for early Indicators of risk Factors in Reading Ability (CI-FRA). The proposed checklist consists of 20 items, based on a 7-point Likert scale, and it investigates five domains: reading, writing, attention, and motor skills. Six hundred sixty-seven children were evaluated by 40 teachers during the first year of primary school and, longitudinally, in the second year. Exploratory factor analysis and confirmatory factor analysis (CFA) were applied to verify structural validity. Concurrent validity was assessed by Spearman correlation to analyze the link between CI-FRA and reading and spelling standardized tests and cognitive tests. Reliability was assessed by Cronbach α and interclass correlation coefficient. The CFA reported a three-factor structure as the optimal solution, including language (reading and writing), visuospatial attention, and fine motor skills subscales. Good reliability, good internal consistency, and acceptable test–retest indices were found. Concurrent validity was confirmed by significant correlations between CI-FRA total score and standardized reading and spelling test, as well as by correlations between CI-FRA subscales and neuropsychological standardized test scores. Preliminary evaluation of sensitivity by receiver operating characteristic curves showed that the CI-FRA score has particularly high sensitivity and specificity for word reading speed deficit. In conclusion, the results confirm that CI-FRA is a theoretically grounded and statistically valid tool that could help the teachers to screen for early signs of reading and spelling difficulties. (PsycInfo Database Record (c) 2024 APA, all rights reserved)","10.3389/fpsyg.2020.516424","",NA,NA,""
"rayyan-177334987","Dynamic assessment as a screening tool for early identification of reading disabilities: A latent change score approach.",NA,1,1,"","",33,3,"","","","eng","Springer",NA,"We examined whether dynamic decoding assessment (DDA) predicts growth in word reading skill during first grade using latent change score models. In addition, we compared classification accuracy of the DDA to static measures for identifying students at risk for reading disabilities (RD) designated using the dual discrepancy criteria. At the beginning of first grade, students (<i>N</i> = 104) were assessed on the DDA and static measures of word reading, arithmetic, and domain-general and domain-specific skills. They were assessed again at the end of first grade on static measures of word reading and arithmetic. In DDA, students were taught six novel symbols associated with English sounds and how to read words in this new orthography. Instructional prompts were provided incrementally, from least to most explicit. The amount of instructional prompts required for a student to decode words in this new orthography was indexed as students’ learning potential for decoding. Results from a series of latent change score models indicate the DDA is positively associated with growth in word reading but not with arithmetic skill growth. The DDA made significant, positive contributions to word reading growth beyond domain-specific (phonological awareness, rapid automatized naming) and domain-general (behavioral attention, intelligence) predictors. Furthermore, the DDA improved classification accuracy by improving sensitivity when added to the static measures of word reading predictors, supporting the use of DDA as a supplementary screener for early prediction of RD. (PsycInfo Database Record (c) 2024 APA, all rights reserved)","10.1007/s11145-019-09984-1","",NA,NA,"RAYYAN-INCLUSION: {""rater1""=>""Excluded"", ""rater2""=>""Included"", ""rater3""=>""Excluded""} | RAYYAN-LABELS: bloque 1 | USER-NOTES: {""rater1""=>[""edad""]}"
"rayyan-177334988","Screening for reading disability in university students with phonological processing and working memory tasks.",NA,1,1,"","",25,3,"","","","eng","John Wiley & Sons",NA,"Many students in higher education have undiagnosed reading disabilities (RDs), but there are few measures to screen for RD in this population. The aim of this study was to determine the ability of tasks that are sensitive to RDs—such as measures of phonemic awareness and working memory—to differentiate university students previously diagnosed with RDs from controls. Participants were university students with an RD (n = 26), a clinical control group diagnosed with attention‐deficit/hyperactivity disorder (n = 24), and neurotypical controls (n = 44). Participants completed brief phonological processing and working memory tasks. The RD group scored significantly lower on all tasks than both control groups. The phonological processing tasks alone—without the working memory task—discriminated participants with RDs from controls with excellent sensitivity and specificity. A brief battery of phonemic tasks could be an effective screening instrument for persons with RDs on university campuses. (PsycInfo Database Record (c) 2020 APA, all rights reserved)","10.1002/dys.1625","",NA,NA,""
"rayyan-177334989","Family history is not useful in screening children for dyslexia.",NA,1,1,"","",8,1,"","","","eng","Springer",NA,"Accurate and efficient early screening is important for providing effective early intervention for dyslexic readers. While family history is often considered a contributing risk factor for dyslexia, some have suggested that it could serve as a proxy for identification of dyslexia. We examined the classification accuracy of family history as a screening measure for dyslexia using an epidemiologic sample of 398 children followed from age 5 through adulthood. Sensitivity of family history for predicting dyslexia was unacceptably low for all family member groups. Moreover, results from receiver operating characteristic curves indicate that predicting dyslexia using family history does not improve the value of using an evidence-based early screening measure alone. Together, these analyses indicate that family history is inadequate as a screening measure for dyslexia; and thus, the use of positive family history as a proxy for dyslexia is unwarranted. (PsycInfo Database Record (c) 2024 APA, all rights reserved)","10.1007/s40817-021-00110-0","",NA,NA,""
"rayyan-177334990","Bias in dyslexia screening in a Dutch multicultural population.",NA,1,1,"","",68,1,"","","","eng","Springer",NA,"We set out to address the adequacy of dyslexia screening in Dutch and non-western immigrant children, using the Dutch Dyslexia Screening Test (DST-NL) and outcomes of the Dutch dyslexia protocol, both of which are susceptible to cultural bias. Using the protocol as standard, we conducted an ROC (Receiver Operating Characteristics) analysis in Dutch and immigrant third, fifth, and seventh graders, combining a cross-sectional and longitudinal design. Sensitivity and specificity increased with grade, but were non-significant for various subtests in the lowest grade, suggesting considerable non-convergence between the two measures. Effective subtests in all grades, presumably not strongly influenced by Cultural Background or Word Lexicon, were One-Minute Reading, Non-Word Reading, and Nonsense Passage Reading. In a multilevel analysis, cultural background, dyslexia diagnosis, parental education, and grade of first assessment were predictors of subtest performance. In a second analysis, Word Lexicon was added as a proxy of knowledge of the Dutch language and culture. After controlling for Word Lexicon, cultural background became significant for most subtests, suggesting the presence of cultural bias. Subtests assessing technical literacy, such as One-Minute-Reading, Non-Word-Reading, One-Minute-Writing, or Two-Minutes-Spelling, showed more convergence between the two assessments. Less-effective subtests were Naming Pictures, Backward Digit Span, and Verbal and Semantic Fluency. It is concluded that the DST-NL and the standard protocol do not show complete convergence, notably in the lower grades in the multilingual pupil group of our cohort, mainly because dyslexia and literacy difficulties are hard to disentangle. (PsycINFO Database Record (c) 2019 APA, all rights reserved)","10.1007/s11881-018-0155-0","",NA,NA,"RAYYAN-INCLUSION: {""rater1""=>""Excluded"", ""rater2""=>""Included"", ""rater3""=>""Excluded""} | RAYYAN-LABELS: bloque 1 | USER-NOTES: {""rater1""=>[""duda si se cuedadmple cbm""]}"
"rayyan-177334991","Revisiting the relationship between visual functions and reading difficulty: A large sample perspective.",NA,1,1,"","",58,1,"","","","chi","Taiwanese Psychological Assn",NA,"Among the various etiologies of developmental dyslexia, the hypothesis of the defected specific subcortical structure, known as the magnocellular (M) pathway, is still contentious. Its supporting evidence is limited in that some task comparisons, which normally show group differences between dyslexic and normal readers, fail to consider the prevalence rate of dyslexia. Such negligence may have missed some poor visual task performers who have normal reading, and the normal vs. dyslexic-at-risk poor visual performers may be equal ratio or larger in the former, making magnocellular hypothesis much less persuasive. So far, this assertion remains untested. In the current study, large sample were collected from the second and third Taiwan elementary school graders, on reading comprehension (as well as their academic performance on mathematics and language for corroboration) and the two often cited M-related tasks: dot coherence (DC, <i>N</i> = 381) and contrast sensitivity (CS, <i>N</i> = 165). The results disagreed with the previously suggested 1 ~ 2:1 poor-DC/CS with normal or with poor reading ratio, suggesting that the real ratios could be larger (4 ~ 8:1). In addition, significant DC-reading and CS-reading, but insignificant DC-CS, correlations were found, indicative of shared yet distinct reading-related mechanisms that are less likely from a single origin. Among other possible but unfavorable explanations (such as test position variability, light conditions during testing, and the students’ visual acuities), these results concur the relations between visual functions and reading, but unsupportive of the magnocellular hypothesis of dyslexia. Lastly, the current study exemplifies an efficient group testing/screening protocol applicable to developmental dyslexia and other research domains. (PsycINFO Database Record (c) 2017 APA, all rights reserved)","","",NA,NA,""
"rayyan-177334992","The Dyslexia Marker Test for Children: Development and validation of a new test.",NA,1,1,"","",48,1,"","","","eng","Sage Publications",NA,"This article describes the development and psychometric properties of a new Dyslexia Marker Test for Children (Dysmate-C). The test was designed to identify Norwegian students who need special instructional attention. The computerized test includes measures of letter knowledge, phoneme awareness, rapid automatized naming, working memory, decoding, and spelling skills. Data were collected from a sample of more than 1,100 students. Item response theory (IRT) was used for the psychometric evaluation, and principal component analysis for checking uni-dimensionality. IRT was further used to select and remove items, which significantly shortened the test battery without sacrificing reliability or discriminating ability. Cronbach’s alphas ranged between .84 and .95. Validity was established by examining how well the Dysmate-C identified students already diagnosed with dyslexia. Logistic regression and receiver operating characteristic (ROC) curve analyses indicated good to excellent accuracy in separating children with dyslexia from typical children (area under curve [AUC] = .92). The Dysmate-C meets the standards for reliability and validity. The use of regression-based norms, voice-over instructions, easy scoring procedures, accurate timing, and automatic computation of scores make the test a useful tool. It may be used as part of a screening procedure, and as part of a diagnostic assessment. Limitations and practical implications are discussed. (PsycInfo Database Record (c) 2023 APA, all rights reserved)","10.1177/15345084211063533","",NA,NA,""
"rayyan-177350690","The fate of phonemic awareness beyond the elementary school years.",NA,1,1,"","",2,2,"","","","eng","Lawrence Erlbaum",NA,"Three studies investigated the claim that skilled readers possess and display a high degree of phonemic awareness. H. S. Scarborough (1995) conducted a longitudinal study (Study 1) of the development of language and literacy skills in 78 children from ages 2–14 yrs. There was wide variability and unexpectedly low group averages on phoneme-deletion and counting tasks by 64 8th graders with good past and present reading skills, particularly when full segmental analysis was required. Study 2 used scores from 2 phonological- awareness measures for reading disabled and normal 2nd–12th grade readers to test the hypothesis (R. C. Calfee et al, 1973) that phonological sensitivity of good readers might decline during adolescence. Mean performance on phonemic awareness tests reached its higher level by Grade 7 for good readers and somewhat later for other students. Study 3 examined the ways that 46 adults segment words when they are explicitly instructed to consider how the sounds are represented by letters. Performance was as variable on the graphophonemic measure as on the oral metaphonological measures used in Studies 1 and 2. Findings challenge the assumption that adolescents and adults with no history of reading disability should display full phonemic awareness competence. (PsycINFO Database Record (c) 2016 APA, all rights reserved)","10.1207/s1532799xssr0202_2","",NA,NA,""
"rayyan-177350691","Can learning disabilities in children who were extremely low birth weight be identified at school entry?",NA,1,1,"","",13,5,"","","","eng","Lippincott Williams & Wilkins",NA,"Explored whether a significant proportion of 81 extremely low birth weight children identified as at risk for school problems at age 5 yrs by the Florida Kindergarten Screening Battery (FKSB) present with specific learning disability (LD) when retested at age 8 yrs. Measures included the Wechsler Intelligence Scale for Children—Revised (WISC—R), Wide Range Achievement Test—Revised (WRAT—R), and tests of motor function. The association of FKSB risk status and WRAT—R reading subtest for predicting general reading disability in the overall sample at age 8 yrs resulted in a sensitivity of 0.68, specificity of 0.48, and a likelihood ratio of 1.3. Of the 43 'normal' Ss at age 5 yrs with no neurosensory impairments, 49% were at mild to high risk for future LD. The prevalence of specific LD at age 8 yrs in Ss with normal IQ was 28%. The positive predictive value of the 5-yr FKSB for identifying children with specific LD at age 8 yrs was 0.20, sensitivity was 0.33, and specificity was 0.48. (PsycINFO Database Record (c) 2016 APA, all rights reserved)","10.1097/00004703-199210010-00007","",NA,NA,"RAYYAN-INCLUSION: {""rater1""=>""Excluded"", ""rater2""=>""Excluded"", ""rater3""=>""Included""} | RAYYAN-LABELS: bloque 1 | USER-NOTES: {""rater1""=>[""creo que no tiene nada que ver ""]}"
"rayyan-177350692","Eye movement patterns in reading as a function of visual field defects and contrast sensitivity loss.",NA,1,1,"","",32,3,"","","","eng","Masson Italia",NA,"Examined the effect of visual field defects and impairment of visual sensitivity on the 2 parameters critical for accomplishing effective reading: fixation duration and saccadic length. Five patients (aged 23–54 yrs) with various visual field defects were compared to 5 age-matched controls. Eye movements and fixation patterns were recorded as word stimuli were presented to Ss on a computer screen. Analysis of the results revealed that contrast sensitivity impairment and visual field defects affect reading in rather specific ways. Only the patients with a reduction in sensitivity showed a marked increase in fixation duration while the other patients could not be distinguished from the controls. Patients with right visual field defect showed an increase in the number of rightward saccades and a decrease in their amplitude, and patients with left visual field defects showed a pattern more similar to that of the control Ss. (PsycINFO Database Record (c) 2016 APA, all rights reserved)","10.1016/S0010-9452(96)80006-2","",NA,NA,""
"rayyan-177350693","Nachweis der Bereichsspezifität von Grundschulleistungen mittels KFA.",NA,1,1,"","",5,1,"","","","ger","Verlag Hans Huber",NA,"Describes applications of 'Konfigurations-Frequenz-Analyse' (KFA) (configural frequency analysis [CFA]) in studying the domain specificity of early elementary school performance. Results of classical CFA in a study by R. Rabenstein et al (1989) indicate that verbal performance and mathematical performance cannot be differentiated in 1st graders. However, a reanalysis of the data with quasi-independent CFA identifies a type of 1st grader with poor verbal performance but average mathematical performance. This finding provides evidence for a mild dyslexia occurring as early as 1st grade. (English abstract) (PsycINFO Database Record (c) 2018 APA, all rights reserved)","","",NA,NA,""
"rayyan-177350694","Kindergarten phonological awareness and rapid serial naming as predictors of Grade 2 reading and spelling.",NA,1,1,"","",NA,NA,"","","","eng","Kluwer Academic Publishers",NA,"While phonemic awareness and rapid serial naming are both considered forms of phonemic processing, each has been found to account for independent variance in reading, but the underlying processes utilized by rapid serial naming are not clear. These processes have been conceptualized as a form of phonological processing, as speed of processing orthographic units, and as sensitivity to arbitrary associations between phonology and orthography. This study looks at these models longitudinally with 86 children (mean age 92 mo) across grades K-2 using spellings of the <i>-ed</i> suffix in past tense verbs as a measure of orthographic conventions learned while scanning text during reading. Regression analysis results indicated that both phonological awareness and rapid serial in kindergarten made unique contributions to Grade 2 reading and spelling measures. Controlling for early word reading and vocabulary, these contributions were strongest for pseudo word accuracy in the case of phonological awareness, and to spelling of arbitrary orthographic conventions in the case of rapid serial naming, but both kindergarten measures made unique contributions to late word-reading rate. (PsycInfo Database Record (c) 2022 APA, all rights reserved)","10.1007/978-1-4615-1011-6_18","",NA,NA,""
"rayyan-177350695","Sistema automatizado para explorar la lectura en escolares de habla hispana.",NA,1,1,"","",2,1,"","","","spa","Instituto de Neurociencias",NA,"Studied the effectiveness and the validity of a computer video game system designed to assess reading performance in primary school students. The system tests discrimination of letter features during brief visual displays (with and without visual noise), word reading (regular, irregular, and pseudowords), picture naming, and phonological sensitivity to rhyme and alliteration. 120 1st–6th graders (aged 6–11 yrs) in Cuba who were good readers were tested with the system. Statistical analysis demonstrated that all tasks were able to reflect maturational changes, reading skills, and performance variability. The findings suggest that certain features of the system could help to localize cognitive dysfunction in reading disability. It is concluded that the computer video game system is a valid instrument for reading assessment in Spanish-speaking school-age children. (PsycINFO Database Record (c) 2019 APA, all rights reserved)","","",NA,NA,""
"rayyan-177350696","Inferential word-decoding weakness in reading disabled children.",NA,1,1,"","",9,4,"","","","eng","Council for Learning Disabilities",NA,"Compared the word-decoding skills of 24 normally achieving elementary school boys, 21 Ss with attention-deficit disorder (ADD) without hyperactivity or reading disorder (RD), 24 Ss with ADD and hyperactivity but without RD, and 24 Ss with developmental RDs. Ss were required to deduce a test word from 2 phonetically related exemplars, with test words being at each of 3 reading levels above their current reading skills (Wide Range Achievement Test). Analysis of variance (ANOVA) showed significant group, age, and test-word level effects as well as a significant group by level interaction. Results indicate that RD Ss, especially younger ones, exhibited impaired inferential thinking on the word-decoding task. This weakness is theorized to be linked to a lag in the development of phonological sensitivity. Recent work is reviewed that suggests phonological sensitivity can be enhanced by direct instruction, with carry-over benefits to word-recognition skill. (37 ref) (PsycInfo Database Record (c) 2022 APA, all rights reserved)","10.2307/1510385","",NA,NA,""
"rayyan-177350697","Correlations among perceptual-motor ability, self-concept and reading achievement in early elementary grades.",NA,1,1,"","",48,2,"","","","eng","Perceptual & Motor Skills",NA,"Studied the correlations among measures of perceptual-motor abilities, self-concept, and reading achievement and determined whether perceptual-motor ability and self-concept can predict reading achievement in the early elementary grades. 108 female and 105 male 1st–3rd graders were tested on the stabilometer, a modified Minnesota Manual Dexterity Test, a tapping test, the Primary Self-Concept Inventory, and the Science Research Associates Assessment Survey. Intercorrelations across grade levels tended to be low and nonsignificant. Multiple regression procedures yielded no strong predictions of reading achievement. These findings tend to confirm the specificity of perceptual-motor ability, self-concept, and reading achievement. (8 ref) (PsycINFO Database Record (c) 2016 APA, all rights reserved)","10.2466/pms.1979.48.2.447","",NA,NA,"RAYYAN-INCLUSION: {""rater1""=>""Excluded"", ""rater2""=>""Excluded"", ""rater3""=>""Excluded""} | RAYYAN-LABELS: bloque 1 | USER-NOTES: {""rater1""=>[""edad""]}"
"rayyan-177350698","Investigating awareness of and teaching passage organization in learning disabled children.",NA,1,1,"","",17,8,"","","","eng","PRO-ED",NA,"28 normally achieving and 28 learning disabled students in Grades 5–7 were read 1 of 2 organized passages on animals and were subsequently asked to study and recall the passage to investigate Ss' sensitivity to passage organization and its importance in governing ease in learning a passage. Results indicate that normally achieving Ss were more aware of passage organization than learning disabled Ss. However, both groups focused on dimensions such as sentence length, decoding and vocabulary difficulty, and informational load (rather than passage organization) as determinants of task difficulty. Unlike normally achieving Ss, learning disabled Ss had substantial difficulties in reorganizing a disorganized passage. Through subsequent training, learning disabled Ss learned to sort disorganized sentences into coherent clusters around respective subtopics. (9 ref) (PsycInfo Database Record (c) 2022 APA, all rights reserved)","10.1177/002221948401700808","",NA,NA,""
"rayyan-177350699","Phonology, prosody, and reading skills: A mismatch negativity experiment.",NA,1,1,"","",81,11,"","","","eng","ProQuest Information & Learning",NA,"Reading is a fundamental skill for success in everyday life. Unfortunately, 5-20% of all children in the U.S. experience some form of reading difficulty (RD), such as dyslexia. Prosody—i.e., the suprasegmental features of phonology—helps to convey the meaning of speech beyond actual spoken words and has been implicated to facilitate language comprehension. Increasing evidence supports a link between prosodic sensitivity (PS) and reading skills and suggests PS may be predictive of reading outcomes. However, the role of PS in reading comprehension has not been well established. Likewise, research remains sparse on the interactions of the neurocognitive systems underlying the components of prosody and reading. Furthermore, the majority of studies that have examined prosodic sensitivity primarily focused on the rhythmic or metrical aspects, while intonation is not always accounted for.As such, the current dissertation research addresses this specific gap in the literature by focusing specifically on the intonation aspect of prosody and how it relates to reading comprehension skills in adult readers, after controlling for phoneme perception and vocabulary. To this end, the mismatch negativity (MMN) was recorded using the audio-morphing paradigm developed by Sammler and colleagues (2015) to measure neural sensitivity to auditory cues of phonemic or prosodic contrasts. Participants were also administered standardized behavioral measures of vocabulary knowledge and silent reading comprehension skills. Results showed that the intonation aspect of prosody statistically significantly relates to reading; however, the behavioral-EEG relationship was less clear, as there still are quite a few ways to examine the data before a behavioral-EEG relationship can be ruled out with any certainty. Findings of this study have potentially important implications for early identification and possible intervention for students at risk for RD. Most early reading interventions focus on the segmental aspects of phonology, while few programs specifically address this suprasegmental aspect. As such, these study findings fill this gap and contribute to a better understanding of what role these particular segmental and suprasegmental features of phonology play in reading and provide merit for subsequent EEG studies to further examine the relationship between the prosodic feature of intonation and reading. (PsycInfo Database Record (c) 2022 APA, all rights reserved)","","",NA,NA,""
"rayyan-177350700","Beyond correlational analysis of the Dynamic Indicators of Basic Early Literacy Skills (DIBELS): A classification validity study.",NA,1,1,"","",23,4,"","","","eng","Educational Publishing Foundation",NA,"This study investigated the classification validity of the Dynamic Indicators of Basic Early Literacy Skills (DIBELS) using a sample of kindergarteners (N = 177). Results indicated the cutoff scores for determining <i>at-risk</i> status on the DIBELS produced substantial false negative rates. Cutoff scores identifying students as at some risk produced substantial false positive rates. At both levels of risk status, the DIBELS showed low positive predictive power, but high negative predictive power, indicating it was far better at identifying students with adequate reading skills than those with inadequate reading skills. Recommendations for appropriate use of the DIBELS for reading screening and suggestions for future research are provided. (PsycINFO Database Record (c) 2019 APA, all rights reserved)","10.1037/a0013245","",NA,NA,"RAYYAN-INCLUSION: {""rater1""=>""Included"", ""rater2""=>""Excluded"", ""rater3""=>""Included""} | RAYYAN-LABELS: bloque 1"
"rayyan-177350701","¿Qué variables determinan el nivel lector de un alumno en el segundo ciclo de Educación Primaria y cuál es su valor diagnóstico?",NA,1,1,"","",37,1,"","","","spa","Asociación Iberoamericana de Diagnóstico y Evaluación Psicológíca",NA,"The teacher’s role in the identification of difficulties in learning to read is essential for early detection. This study aimed to: determine the factors that distinguish between readers who have a high and low level of reading ability in the second cycle of elementary school according to the criterion of teachers, and find the diagnostic value of these variables. The BEL test was administered to 275 children. Results from logistic regression analysis revealed that performance on literal questions about text, concordance, orthography and pseudo-word reading tasks contributed significantly to discriminate between good and poor readers. Analyses based on ROC curves linked the best diagnostic properties to performance on concordance and orthography subtests and on literal responses to questions about texts. This research shows a high agreement among the factors that teachers considered relevant for reading skills and variables identified as critical in psycholinguistic studies on the development of reading ability. (PsycInfo Database Record (c) 2024 APA, all rights reserved)","","",NA,NA,""
"rayyan-177350702","Specificity and characteristics of learning disabilities.",NA,1,1,"","",46,10,"","","","eng","Blackwell Publishing",NA,"Background: The specificity of impairments in specific reading disabilities (SRD) and specific language impairments (SLI) has recently been questioned, with many children recruited for studies of SRD and SLI demonstrating impairments in both reading and oral language development. This has implications for the results of SRD and SLI studies where both reading and oral language skills are not assessed. Thus there is a need to compare the profiles of children with both oral language and reading impairments to groups of children with SRD and SLI. Methods: The reading, oral language, short-term auditory memory, phonological processing, spelling, and maths abilities of 151 children (aged between 7 and 12 years) drawn from a Learning Disabilities Clinic were assessed. Results: Five groups were identified, including children who demonstrated either a specific reading disability or a specific language impairment and children who showed evidence of both reading and oral language impairments. Differences were found between the groups on maths, phonological processing, short-term auditory memory, and spelling measures, with the children displaying both language and reading deficits generally performing at a lower level than the children with specific reading or language deficits. Conclusions: It was concluded that more careful screening needs to be conducted in both clinical and research settings to accurately identify the nature of deficits in children with reading and oral language difficulties. Furthermore, a third and separate category of children with a mixed pattern of impairments needs to be considered. (PsycINFO Database Record (c) 2016 APA, all rights reserved)","10.1111/j.1469-7610.2004.00394.x","",NA,NA,""
"rayyan-177350703","Sensibilité à la similarité phonétique chez les enfants dyslexiques et les bons lecteurs.",NA,1,1,"","",86,2,"","","","fre","Presses Universitaires de France",NA,"Compared the performance of dyslexic and good readers on tasks involving immediate memory. Human subjects: 45 French children and adolescents (8–13 yrs) (dyslexia). 45 normal French children and adolescents (8–23 yrs). The Ss' performance was compared at an equivalent chronological age (CA) in Exp I and an equivalent reading age in Exp II. (English abstract) (PsycInfo Database Record (c) 2022 APA, all rights reserved)","10.3406/psy.1986.29140","",NA,NA,""
"rayyan-177350704","Validity of teacher report for assessing the emergent literacy skills of at-risk preschoolers.",NA,1,1,"","",40,2,"","","","eng","American Speech-Language-Hearing Assn",NA,"Purpose: The purpose of this study was to determine the predictive validity of teacher report for assessing the emergent literacy skills of preschool-age children. The aims were twofold: (a) to examine predictive relationships between teacher report and direct behavioral assessment, and (b) to examine the extent to which teacher report accurately differentiates children who are exhibiting low levels of emergent literacy skills relative to their peers. Method: Forty-four preschool teachers completed a rating form reporting the print-related emergent literacy skills of 209 children who were enrolled in their classrooms. Approximately 2 months later, the children completed direct assessments of these skills. Results: Correlations between teacher report and children's performance on direct behavioral assessments were positive, moderate to large in size, and statistically significant. In terms of classifying children into groupings based on risk (e.g., at risk, low risk), global teacher ratings demonstrated a sensitivity of 51.9% and a specificity of 87.9%. Clinical Implications: The present results indicate that teacher report provides a somewhat valid representation of children's skills. However, the diagnostic accuracy of teacher report for identifying children who are at risk is generally low. With this limitation in mind, teacher report can provide an important complement to current assessment approaches that are used in preschool settings. (PsycInfo Database Record (c) 2022 APA, all rights reserved)","10.1044/0161-1461(2009/07-0099)","",NA,NA,""
"rayyan-177350706","Development of an assessment rubric for the implementation of response to intervention (RTI) at elementary schools.",NA,1,1,"","",70,11,"","","","eng","ProQuest Information & Learning",NA,"Response to Intervention (RTI) is a relatively new approach to identifying students with learning disabilities that has impacted how schools coordinate resources and implement their instructional support and assessment systems. Because RTI is a federal initiative and relatively new approach, there is little consensus on specific approaches and practices to guide school in implementation. This approach has potentially great consequences in providing supports in a more efficient manner for at-risk students as well as improving outcomes for all students. However, to meet this goal, schools need a tool to help guide and evaluate their practices to ensure quality implementation. In this dissertation, I describe the development of a rubric designed to meet this need. This <i>RTI Assessment Rubric</i> is intended to be a tool that practitioners and researchers can use to evaluate the implementation of RTI at the elementary school level. Using qualitative methodologies, the rubric was developed based upon a review of the literature and validated by known experts in the field in terms of its breadth and depth of content. Through this process six components were identified which include evaluating: Tier 1 instruction, universal screening procedures, Tier 2 and Tier 3 interventions, progress monitoring practices, evidence-based decision-making, and organizational supports. Next, case studies were created on 5 second grade students who are at risk for reading disabilities in two elementary schools implementing RTI practices. These case studies included classroom observations, interviews with teachers/administrators, record reviews, as well as evaluating student response to school implemented interventions. When these case studies were examined by external reviewers using the RTI rubric, the device demonstrated initial evidence of inter-rater reliability and sensitivity in discriminating between the quality of RTI implementation in these two schools. Teachers reported that the rubric captured the RTI experience within their building. This rubric appears to be useful for both researchers and practitioners as they begin implementation of RTI in schools because it appears to provide relevant, practical, and useful information to guide schools' next steps in RTI implementation. (PsycInfo Database Record (c) 2022 APA, all rights reserved)","","",NA,NA,"RAYYAN-INCLUSION: {""rater1""=>""Excluded"", ""rater2""=>""Excluded"", ""rater3""=>""Excluded""} | RAYYAN-LABELS: bloque 1 | USER-NOTES: {""rater1""=>[""creo que no se ciñe al objetivo nuestro de estudio ""]}"
"rayyan-177350707","Scotopic sensitivity/Irlen syndrome and the use of coloured filters: A long-term placebo controlled and masked study of reading achievement and perception of ability.",NA,1,1,"","",89,1,"","","","eng","Perceptual & Motor Skills",NA,"Investigated the effects of the use of colored filters on reading speed, accuracy, and comprehension, and on perception of academic ability. In the longitudinal study 88 children (aged 9.2–13.1 yrs) with moderate to high reading difficulties as assessed by scores on the Scotopic Sensitivity Syndrome Screening Manual (H. Irlen, 1991) used placebo filters, blue filters, or diagnosed filters; 28 age-matched controls used no filters. Results show that all 3 treatment groups increased at a significantly greater rate than controls in reading accuracy and reading comprehension, but not for reading speed. Two treatment groups self-reported significantly greater increases in perception of academic ability than did controls. 18–20 mo after study commencement, 74 of 88 Ss reported benefit and consistent use of colored filters. The larger improvements for treatment groups in reading comprehension may be related to a reduction in print and background distortions, thereby allowing attention to be directed to the processing of continuous text rather than to the identification of individual words. A reduction in print distortion may not be sufficient to generate improved word-identification skills without additional remedial support. (PsycINFO Database Record (c) 2016 APA, all rights reserved)","10.2466/PMS.89.5.83-113","",NA,NA,""
"rayyan-177350708","Auditory processing and early literacy skills in a preschool and kindergarten population.",NA,1,1,"","",43,4,"","","","eng","Sage Publications",NA,"Although the relationship between auditory processing and reading-related skills has been investigated in school-age populations and in prospective studies of infants, understanding of the relationship between these variables in the period immediately preceding formal reading instruction is sparse. In this cross-sectional study, auditory processing, phonological awareness, early literacy skills, and general ability were assessed in a mixed sample of 88 three- to six-year-old children both cross-sectionally and longitudinally. Results from both cross-sectional and longitudinal analyses suggest the importance of early auditory rise time sensitivity in developing phonological awareness skills, especially in the development of rhyme awareness. (PsycINFO Database Record (c) 2016 APA, all rights reserved)","10.1177/0022219410369071","",NA,NA,"RAYYAN-INCLUSION: {""rater1""=>""Included"", ""rater2""=>""Excluded"", ""rater3""=>""Included""} | RAYYAN-LABELS: bloque 1"
"rayyan-177350709","A trial of piracetam in two subgroups of students with dyslexia enrolled in summer tutoring.",NA,1,1,"","",24,9,"","","","eng","PRO-ED",NA,"60 children with dyslexia (aged 9–13 yrs) were enrolled in a 10-wk summer tutoring program that emphasized word-building skills. They were randomly assigned to receive placebo or piracetam, a purportedly memory-enhancing drug that has been reported to facilitate reading skill acquisition. Ss were subtyped as 'dysphonetic' or 'phonetic' on the basis of scores from tests of phonological sensitivity and phoneme-grapheme correspondence skills. Of the 53 children who completed the program, 37 were classified as dysphonetic and 16 as phonetic. The phonetic group improved significantly more in word-recognition ability than the dysphonetic group. Overall, Ss on medication did not improve more than nonmedicated ones in any aspect of reading. (PsycInfo Database Record (c) 2022 APA, all rights reserved)","10.1177/002221949102400906","",NA,NA,"RAYYAN-INCLUSION: {""rater1""=>""Excluded"", ""rater2""=>""Excluded"", ""rater3""=>""Excluded""} | RAYYAN-LABELS: bloque 1 | USER-NOTES: {""rater1""=>[""edad""]}"
"rayyan-177350710","Early identification of students at risk for reading failure using individual growth in prereading skills. (disabilities).",NA,1,1,"","",60,5,"","","","eng","ProQuest Information & Learning",NA,"By 1992 a body of research had been published arguing that most states' definitions for determining eligibility for special education services suffer from invalidity (Fletcher & Foorman, 1992; Frankenberger & Fronzaglio, 1991; Pennington, Gilger, Olson & DeFries, 1992; Reynolds, 1985). Problems with current uses of discrepancy definitions in the identification of students with disabilities include the lack of a theoretical base supporting the definitions, clarity in the definitions, specificity in the measurement of student skills, and empirical evidence supporting the validity of discrepancy definitions. Problems with traditional practices not only impact poor readers who meet current eligibility criteria but also poor readers who do not meet discrepancy criteria. Special education assistance is not currently provided for students who perform poorly in reading but who do not meet discrepancy definitions even though researchers have demonstrated that poor readers who do and do not meet discrepancy definitions perform similarly in reading and prereading skills and empirical evidence has not supported the differential treatment of the two groups (Fletcher, Francis, Rourke, Shaywitz, & Shaywitz, 1992; Pennington, Gilger, Olson & DeFries, 1992; Reynolds, 1985). Since problems exist with current special education eligibility practices, the need for better methods exists. The present research sought to examine one method for the early identification of students at risk of reading failure using growth in prereading and reading skills. The four goals of the present research included examining the validity of discrepancy definitions from a developmental perspective, discriminating reader groups using growth in prereading skills, predicting students at risk of reading failure, and identifying subgroups of poor readers. Results from the analyses provided further support for the invalidity of discrepancy definitions. Poor readers with and without discrepancies demonstrated similar growth in prereading and reading skills over kindergarten and first grade and the discrimination between the two groups of poor readers was not possible. Growth in prereading and reading skills did not discriminate the two groups of poor readers, but did sufficiently discriminate both groups of poor readers from their nonimpaired peers. Prediction of readers at risk of reading failure proved possible when reading failure was defined as low achieving and discrepant. However, prediction was better when reading failure was defined by only low achieving criteria. These results further questioned the use of IQ discrepancy criteria in the definitions of poor readers. Subgroups of readers based on developmental growth patterns were identified. Identification of reader subgroups implied the need for interventions specifically designed to address the unique needs of the subgroups. The ability to predict at risk readers from growth in prereading and reading skills and to identify subgroups of poor readers suggested that early identification is not only possible but identification of subtypes of readers can provide specific information about students' reading needs. Educational implications for the early identification of students at risk of reading failure were discussed. This research demonstrated that growth in prereading and reading skills provides one method for the early identification of students at risk of reading failure. Combining early identification with early interventions may help educators teach all students to read and prevent students from reading failure. (PsycInfo Database Record (c) 2022 APA, all rights reserved)","","",NA,NA,""
"rayyan-177350711","Poor reading: A deficit in skill-automatization or a phonological deficit?",NA,1,1,"","",2,4,"","","","eng","Lawrence Erlbaum",NA,"Examined whether the characteristic reading speed impairment of German dyslexic children results from a general skill-automatization deficit sensu R. I. Nicolson and A. J. Fawcett (1990) or from more specific deficits in visual naming speed and phonological skills. The hypothesized skill-automatization deficit was assessed by balancing, peg moving, and visual search. Rapid 'automatized'naming tasks served as measures of impaired visual naming speed, and the phonological deficit was assessed by speech perception, phonological sensitivity, and phonological memory tasks. 20 dyslexic German children and 27 age-matched controls were tested at the end of Grade 2 and as participants of a longitudinal study also at the beginning of Grade 1. No evidence for a skill-automatization deficit was found, as the dyslexic children did not differ at all on the balancing tasks and little on the other nonverbal skill tasks. However, the dyslexic children showed impaired visual naming speed and impaired phonological memory performance that were observed not only in Grade 2 but also before learning to read. Findings support the conclusion that, even in regular orthographies, difficulties in learning to read are due to a phonological rather than a general skill-automatization deficit. (PsycINFO Database Record (c) 2016 APA, all rights reserved)","10.1207/s1532799xssr0204_2","",NA,NA,""
"rayyan-177350712","Auditory temporal processing in developmental dyslexics.",NA,1,1,"","",16,3,"","","","eng","Psychological Society of Ireland/Cumann Siceolaithe Eireann",NA,"Investigated the ability of adults with dyslexia, screened for normal hearing sensitivity, to perform a nonspeech auditory task. The test (FM rate difference limen) was designed to be analogous to visual motion sensitivity at which Ss with dyslexia are worse than controls. 12 adult Ss with dyslexia were matched for age, IQ and occupational status with 12 control Ss and were administered timed real word and nonword reading tests to assess level of reading difficulty. Ss with dyslexia made more errors than the controls and also took longer to complete the lists. No significant differences were found between groups in hearing 1 KHz pure tones; however, Ss with dyslexia were significantly worse at detecting changes in the rate of modulation of frequency modulated tones and their FM depth difference limen was also worse. Results support the hypothesis that persons with dyslexia have impaired development of neuronal systems responsible for processing the timing of auditory frequency changes. (PsycINFO Database Record (c) 2016 APA, all rights reserved)","10.1080/03033910.1995.10558058","",NA,NA,"RAYYAN-INCLUSION: {""rater1""=>""Excluded"", ""rater2""=>""Excluded"", ""rater3""=>""Excluded""} | RAYYAN-LABELS: bloque 1 | USER-NOTES: {""rater1""=>[""adultos no gracias""]}"
"rayyan-177350713","Vizuálno-percepčné t'ažkosti detí s problémami v čítaní.",NA,1,1,"","",29,3,"","","","slo","Vyskumny Ustav Detskij Psychologie a Patopsychologie",NA,"Conducted pilot research on scotopic sensitivity. 64 dyslexic 4th-graders (aged 9 yrs 9 mo to 11 yrs 2 mo). Ss were screened for scotopic sensitivity with H. Irlen's (1991) method. Ss with a high level of scotopic sensitivity were given a comprehensive ophthalmologic examination. Ss with low/high sensitivity were compared on 3 tasks: transposition of letters, reading aloud, and reading silently. The degree of improvement in text perception and reading speed obtained with colored lenses was assessed. The Reading Test (Z. Matějček et al, 1987), the Progressive Matrices, and the Wechsler Intelligence Scale for Children (WISC) were used. (English & German abstracts) (PsycINFO Database Record (c) 2016 APA, all rights reserved)","","",NA,NA,""
"rayyan-177350714","The identification and stability of subtypes of disabled readers.",NA,1,1,"","",6,4,"","","","eng","MelNic Press, Inc.",NA,"It was hypothesized that subtypes of disabled readers could be identified by retrospectively examining the test performance of kindergartners later diagnosed as reading disabled and that the stability of these subtypes could be examined by retesting the students in 2nd grade. Ss were 30 2nd-grade disabled readers who had received remedial instruction in special education resource rooms, multisensory remediation in self-contained classes, or no remediation. All Ss had taken a battery of tests in kindergarten that measured language, discrimination, memory, and perceptual skills. A test battery was administered to all Ss in 2nd grade that measured the same skills. Instruments included the WISC—R, Frostig Test of Visual Perception, and Wepman Auditory Discrimination Test. Subtypes in kindergarten and 2nd grade were determined through <i>Q</i> factor analysis. Results show an identification of subtypes similar to those of other investigators but with greater specificity in terms of strengths and weaknesses. Little stability in the subtypes from kindergarten to 2nd grade was observed. Results are discussed in terms of heterogeneity in the disabled reader population and within identified subtypes of disabled readers. (39 ref) (PsycINFO Database Record (c) 2016 APA, all rights reserved)","","",NA,NA,""
"rayyan-177350715","Automatic and effortful information processing in children with attention and/or reading disorders.",NA,1,1,"","",60,2,"","","","eng","ProQuest Information & Learning",NA,"This study investigated innate and acquired automatic, and effortful information processes in male children between 9 years and 11 years 11 months of age. The subjects in this study were diagnosed as either Reading Disabled (RD), Attention Deficit Hyperactive Disorder (ADHD), Attention Deficit Disorder without Hyperactivity (UADD) and the control group of Normal Learners (NL). Subjects included 23 RD, 19 ADHD, 10 UADD and 20 NL children who were matched on age, classroom performance and gender. The major interest was to analyze RD, ADHD, UADD and the control group of NL male children's attention and memory performance corresponding to their automatic and effortful information processing abilities. The diagnostic groups were selected due to their difficulty automizing the basic skills (reading, writing and comprehension) of an elementary school curriculum. Two experiments were conducted. Experiment 1: Frequency-of-Occurrence (FO), and Temporal Sensitivity (TS) tasks were used to measure 'innate' automatic operations, and a Speeded Naming (SN) task was used to measure 'acquired' automatic operations. Within-subject differences were found. The ADHD and UADD subjects performed significantly better with the <i>Picture</i> probe items on the 'innate' FO task, and the RD, ADHD, and NL subjects performed significantly better with <i>Picture</i> probe items on the 'innate' TS task. The ADHD, UADD, and NL subjects performed significantly better wit h <i>Word</i> probe items on the 'acquired' SN task. These sure now and unexpected findings, showing that most subjects performed better with <i>Picture</i> items on the '<i>innate</i>' tasks and most subjects performed better with <i>Word</i> items on the '<i>acquired</i>' task. The RD group was expected to do better on the Picture items analyzing within-group differences on the FO 'innate' task and the SN 'acquired' task. The Word Items used in the FO and SN tasks may have been too simple in order to determine any difference with regard to the RD population. Future research Is necessary to further investigate if subjects perform better with Picture probe Items on 'innate' automatic operations and Word probe items on 'acquired' automatic operations, or if the within-group findings were due to the speed of the tasks. The ADHD subjects performed better than RD subjects when analyzing between-group differences on the SN task using <i>Word</i> stimulus. This result was as predicted. Experiment 2 study asked whether there would be differences among groups (RD, ADHD, UADD and NL) on the Free Recall-Picture and Free Recall-Words tasks. This study found no differences between-groups. The Free-Recall tasks' result may be due to the amount of time between the 4 trials were not long enough and to measure differences between groups. (PsycINFO Database Record (c) 2018 APA, all rights reserved)","","",NA,NA,"RAYYAN-INCLUSION: {""rater1""=>""Excluded"", ""rater2""=>""Excluded"", ""rater3""=>""Excluded""} | RAYYAN-LABELS: bloque 1 | USER-NOTES: {""rater1""=>[""edad""]}"
"rayyan-177350716","Discrimination of ADHD and reading disability in adults using the D-KEFS.",NA,1,1,"","",28,2,"","","","eng","Oxford University Press",NA,"Attention deficit/hyperactivity disorder (ADHD) is posited to be the result of a deficit in executive functions (EFs). The presence of EF deficits in adults with ADHD is not consistent, and EF deficits are not unique to ADHD, thus adding a level of complexity to differential diagnoses. The current study used three measures of EF to discriminate between college-level adults diagnosed with ADHD and reading disability (RD). The RD group performed below ADHD on all EF tasks and logistic regression analyses demonstrated poor sensitivity and adequate specificity of the EF measures to categorize the clinical groups. Results suggest that clinicians should be cognizant of the limitations of measures of EF in the differential diagnosis of ADHD. (PsycInfo Database Record (c) 2022 APA, all rights reserved)","10.1093/arclin/acs111","",NA,NA,"RAYYAN-INCLUSION: {""rater1""=>""Excluded"", ""rater2""=>""Excluded"", ""rater3""=>""Excluded""} | RAYYAN-LABELS: bloque 1"
"rayyan-177350717","Élaboration d’un test de dépistage des difficultés en langage écrit pour enfants braillistes.",NA,1,1,"","",64,7,"","","","fre","Elsevier Science",NA,"Background and objectives: The majority of visually impaired children who learn Braille do so without difficulty. However some of these children struggle to learn Braille and cannot automatize it. At present, no French standardized evaluation is available for this population. The aim of this study is to fill this gap by setting up a screening test to identify difficulties in written language in children who read Braille (DD-LEB acronym in French). Method: Prerequisites for written language (phonological awareness, phonemic perception, rapid automatized naming—RAN, alphabetical knowledge, tactile attention and memory span) and performances in Braille (reading and writing of words and pseudo-words) were assessed with designed and adapted tasks in 28 French Braille readers aged between 6 and 15 years. Results: Most of the participants were able to complete the whole DD-LEB test, showing that it was suited for assessing written language performances in Braille. Their results from the DD-LEB were compared to previously obtained data of sighted children on existing tasks. Differences in phonemic perception and reading speed were evidenced between Braille readers and sighted children. Braille readers exhibited an enhanced perception of a vowel inside a consonant cluster, suggesting a higher sensitivity to allophones, comparable to the one evidenced in people with dyslexia. Among possible prerequisites for written language in Braille, tactile attention, rapid automatized naming and short time memory proved to be relevant. Braille performances also depended on the chronological age, but they did not depend on the age at the beginning of reading instruction. Finally, phonological awareness and phonemic perception did not seem to be related to reading performances. Perspectives: These results pave the way for further research, which is currently lacking in this area. More data are needed in order to define standardized norms for the DD-LEB, taking account of the education level. These norms could be used by speech and language pathologists to assess and guide rehabilitation. Also, various questions remain about the nature of mechanisms in Braille, the role of phonological awareness and phonemic perception for learning to read and write in Braille, and more widely about the question of the potential existence of dyslexia in Braille. One of these questions pertains to the role of phonological awareness and phonemic perception for learning to read in Braille. The present study did not evidence a relationship between the quality of phonemic representations and reading performances with Braille, an intriguing result which needs further research. (PsycINFO Database Record (c) 2017 APA, all rights reserved)","10.1016/j.neurenf.2016.05.001","",NA,NA,""
"rayyan-177350718","Speech perception deficits in Mandarin-speaking school-aged children with poor reading comprehension.",NA,1,1,"","",8,NA,"","","","eng","Frontiers Media S.A.",NA,"Previous studies have shown that children learning alphabetic writing systems who have language impairment or dyslexia exhibit speech perception deficits. However, whether such deficits exist in children learning logographic writing systems who have poor reading comprehension remains uncertain. To further explore this issue, the present study examined speech perception deficits in Mandarin-speaking children with poor reading comprehension. Two self-designed tasks, consonant categorical perception task and lexical tone discrimination task were used to compare speech perception performance in children (<i>n</i> = 31, age range = 7;4–10;2) with poor reading comprehension and an age-matched typically developing group (<i>n</i> = 31, age range = 7;7–9;10). Results showed that the children with poor reading comprehension were less accurate in consonant and lexical tone discrimination tasks and perceived speech contrasts less categorically than the matched group. The correlations between speech perception skills (i.e., consonant and lexical tone discrimination sensitivities and slope of consonant identification curve) and individuals’ oral language and reading comprehension were stronger than the correlations between speech perception ability and word recognition ability. In conclusion, the results revealed that Mandarin-speaking children with poor reading comprehension exhibit less-categorized speech perception, suggesting that imprecise speech perception, especially lexical tone perception, is essential to account for reading learning difficulties in Mandarin-speaking children. (PsycINFO Database Record (c) 2018 APA, all rights reserved)","10.3389/fpsyg.2017.02144","",NA,NA,""
"rayyan-177350719","Predicting reading outcomes in the classroom using a computer-based phonological awareness screening and monitoring assessment (Com-PASMA).",NA,1,1,"","",16,6,"","","","eng","Informa Healthcare",NA,"The screening and monitoring of phonological awareness (PA) in the classroom is of great importance to the early identification and prevention of reading disorder. This study investigated whether a time-efficient computer-based PA screening and monitoring assessment (Com-PASMA) could accurately predict end-of-year reading outcomes for 5-year-old children in the first year of schooling. A longitudinal design was employed where the Com-PASMA was used to measure the PA ability of 95 5-year-old children at the start, middle, and end of the first year of school. Of this group, 21 children presented with spoken language impairment. Reading outcomes were formally measured after 1 year of schooling. School-entry measures of PA using the Com-PASMA (p < .001), in conjunction with language ability (p = .004), accounted for 68.9% of the variance in end-of-year word decoding ability. Sensitivity and specificity calculations demonstrated that the Com-PASMA was 92% accurate at school-entry, and 94% accurate by the middle of the school year in predicting reading outcomes at 6-years of age. Results suggest that a time-efficient computer-based method of screening and monitoring PA can support the early identification of reading difficulties in the first year of schooling. (PsycINFO Database Record (c) 2016 APA, all rights reserved)","10.3109/17549507.2013.855261","",NA,NA,""
"rayyan-177350720","Auditory phoneme discrimination, articulation, and language disorders in patients with genetic epilepsy with febrile seizures plus: A case-control study.",NA,1,1,"","",129,NA,"","","","eng","Elsevier Science",NA,"Introduction: Genetic epilepsy with febrile seizures plus (GEFS+) is an epilepsy syndrome with clinical heterogeneity that was first described in 1997. Central auditory processing (CAP) is defined as the neurophysiological process in decoding sound waves from the outer ear to the auditory cortex. The present study aimed to analyze CAP and phonological disorders in preschool-age children with GEFS+. Material and Method: This is a prospective case-control study. Twenty-seven patients diagnosed with GEFS+ aged between 4 years and 6 years and 6 months and 31 healthy controls in the same age range were included in the study. Phonological sensitivity test (SAT) and auditory discrimination test (İAT) were applied to both groups, and the results of both groups were statistically compared. Results: The SAT and İAT raw and <i>Z</i> scores of the subjects in the study group were found to be significantly higher than those of the control group (<i>p</i> = 0.001; <i>p</i> < 0.01). Electroencephalography (EEG) status of the patients or the duration of antiseizure medication use did not have a statistically significant effect on the outcome. Conclusion: Patients with GEFS+ have a significantly high impairment in both articulation and auditory discrimination of phonemes compared with the healthy population. Early diagnosis and early treatment of this condition can prevent potential literacy problems and the development of dyslexia in the future. (PsycInfo Database Record (c) 2024 APA, all rights reserved)","10.1016/j.yebeh.2022.108626","",NA,NA,"RAYYAN-INCLUSION: {""rater1""=>""Excluded"", ""rater2""=>""Excluded"", ""rater3""=>""Included""} | RAYYAN-LABELS: bloque 1 | USER-NOTES: {""rater1""=>[""epilepsia no gracias""]}"
"rayyan-177350721","Brain activity during processing objects and pseudo-objects: Comparison between adult regular and dyslexic readers.",NA,1,1,"","",122,2,"","","","eng","Elsevier Science",NA,"Objective: The role of visual processing deficits in dyslexia remains unclear and continues to stir controversy. Most studies to date have used alphabetic and or other language-dependent patterns. The current study compares how dyslexics and regular readers process non-alphabetic visual patterns. Methods: The stimuli were black and white drawings, 50 meaningful (concrete objects) and 50 meaningless (pseudo-objects with no linguistic name) presented visually on a computer screen. Measures included behavioral accuracy and reaction time, event-related potential (ERP), and low resolution electromagnetic tomography (LORETA). The subjects were 15 dyslexic and 15 aged-matched regular readers. Results: The dyslexics exhibited significantly longer reaction time and shorter latencies of P1 and P2 components to both objects and pseudo-objects compared to the regular readers. Data from the LORETA solution analysis indicated significantly different brain activity between the two groups: both exhibited higher left hemisphere activation when viewing objects compared to pseudo-objects; and dyslexics exhibited lower left hemisphere activation when viewing objects and higher right hemisphere activation when viewing pseudo-objects during the early stages of processing. Conclusions: The results support the notion that brain activation of dyslexic readers differs from that of the regular readers when processing non-alphabetic patterns, and that the differences appear from the early stage of processing. Significance: These results emphasize that differences in brain activity between dyslexic and regular readers can be seen even in a non-alphabetic task, and in early stages of processing. (PsycINFO Database Record (c) 2016 APA, all rights reserved)","10.1016/j.clinph.2010.06.029","",NA,NA,"RAYYAN-INCLUSION: {""rater1""=>""Excluded"", ""rater2""=>""Excluded"", ""rater3""=>""Excluded""} | RAYYAN-LABELS: bloque 1 | USER-NOTES: {""rater1""=>[""edad""]}"
"rayyan-177350723","<i>Narp,</i> a novel member of the pentraxin family, promotes neurite outgrowth and is dynamically regulated by neuronal activity.",NA,1,1,"","",11,2,"","","","eng","Blackwell Publishing",NA,"31 male and 9 female adolescents (aged 12–16 yrs) with reading/spelling disabilities were assigned on the basis of IQ/achievement discrepancy scores to a dyslexic group or to a slow learner group (SLG). Significantly more female (8 of 9) than male Ss were in the SLG vs dyslexic category. Ss completed a psychoeducational screening battery and rapid continuous naming, picture naming, auditory phonological sensitivity, serial running memory, and computerized rhyme decision tests. Despite having lower IQs, the SLG had higher achievement levels, but group differences on phonological processing variables were not impressive. When compared with a reading age control group (younger normal readers with attentional deficit disorder), adolescent Ss were significantly poorer on nonsense word reading. However, older Ss had better phonological skills than did younger poor readers. (PsycInfo Database Record (c) 2022 APA, all rights reserved)","","",NA,NA,""
"rayyan-177350724","Presumably innate and acquired automatic processes in children with attention and/or reading disorders.",NA,1,1,"","",27,4,"","","","eng","Pergamon Press",NA,"Compared innate and acquired automatic information processing in 24 normal-achieving elementary school boys (aged 8 yrs to 11 yrs 11 mo) to that demonstrated by 3 age-matched groups of educationally troublesome children. Problem children included 21 normal-reading attention deficit disorder (ADD) Ss who were nonhyperactive, 24 normal-reading ADD Ss with hyperactivity, and 24 nonhyperactive reading disabled Ss. Results indicate that, while all groups displayed reliable, presumably innate, automatic processing on measures of temporal and frequency sensitivity, the 2 ADD groups were observed to make less precise judgments than controls. Contrasted with controls, all clinical groups exhibited delayed automatization in arithmetic computation, but the handicapped groups did not differ from controls on other measures of acquired automatization (speed of writing and naming). (38 ref) (PsycInfo Database Record (c) 2022 APA, all rights reserved)","10.1111/j.1469-7610.1986.tb00638.x","",NA,NA,""
"rayyan-177350725","Filtered text and direction discrimination training improved reading fluency for both dyslexic and normal readers.",NA,1,1,"","",39,3,"","","","eng","College of Optometrists in Vision Development (COVD)",NA,"Background: Over 67% of children in 4th grade are reading below grade level, which means they are twice as likely to drop out of school. Previous research has found that children who are slow readers have reduced contrast sensitivity for detecting the direction of movement, and that improving their movement contrast sensitivity by training with sinusoidal gratings moving relative to fixed background gratings significantly increases their reading fluency. Since observers having reduced contrast sensitivity show four much faster reading speeds when text is sharpened with digital filters, it is likely that children will also read filtered text more quickly than unfiltered text. Methods: Orientation discrimination contrast thresholds were measured for both dyslexic and normal readers in grades kindergarten through third grade and used to construct individualized digital image enhancement filters. Computer-based reading speeds were measured for both unfiltered and filtered grayscale text before and after training on direction discrimination. Following training, reading speeds for both unfiltered and filtered equiluminant colored text were measured as well. Results: Reading rates were twice as fast when utilizing filtered text to compensate for losses in orientation discrimination contrast sensitivity compared to unfiltered text, both before and after direction discrimination training. Both filtered and unfiltered colored text was read at least 30% more slowly than filtered or unfiltered equiluminant grayscale text. The effects of training on direction discrimination were also significant for both dyslexic and normal readers (p < 0.008), doubling reading rates for both dyslexics and normal readers. Following training on direction discrimination, contrast sensitivity functions improved an average of four-fold for normal readers and five-fold for dyslexics, showing rapid perceptual learning in children aged 5 to 8 years. Conclusions: Finding much faster reading speeds for filtered text shows the value of individualized contrast enhancement to improve reading skills, These image enhancement filters are unique and work well to improve the reading performance of children with contrast sensitivity losses. Moreover, training on direction discrimination improved the reading fluency of both dyslexic and normal readers. Furthermore, the fact that colored text was always read much more slowly than equiluminant grayscale text may also suggest that the colored backgrounds produced by the Irlen lenses do not improve reading fluency. Finally, both digital image enhancement and direction discrimination training provide effective, convenient, and relatively inexpensive tools to improve reading. (PsycINFO Database Record (c) 2016 APA, all rights reserved)","","",NA,NA,""
"rayyan-177350726","Contextual specificities of lexical access and mnemonic strategy use in children with reading disabilities: A subtype analysis.",NA,1,1,"","",53,9,"","","","eng","ProQuest Information & Learning",NA,"","","",NA,NA,"RAYYAN-INCLUSION: {""rater1""=>""Excluded"", ""rater2""=>""Excluded"", ""rater3""=>""Excluded""} | RAYYAN-LABELS: bloque 1 | USER-NOTES: {""rater1""=>[""no encontre el articulo para poder leerlo""]}"
"rayyan-177350727","Problems and limitations in studies on screening for language delay.",NA,1,1,"","",31,5,"","","","eng","Elsevier Science",NA,"This study discusses six common methodological limitations in screening for language delay (LD) as illustrated in 11 recent studies. The limitations are (1) whether the studies define a target population, (2) whether the recruitment procedure is unbiased, (3) attrition, (4) verification bias, (5) small sample size and (6) inconsistencies in choice of 'gold standard'. It is suggested that failures to specify a target population, high attrition (both at screening and in succeeding validation), small sample sizes and verification bias in validations are often caused by a misguided focus on screen positives (SPs). Other limitations are results of conflicting methodological goals. We identified three such conflicts. One consists of a dilemma between unbiased recruitment and attrition, another between the comprehensiveness of the applied gold standard and sample size in validation and the third between the specificity of the gold standard and the risk of not identifying co-morbid conditions. (PsycInfo Database Record (c) 2022 APA, all rights reserved)","10.1016/j.ridd.2010.04.019","",NA,NA,""
"rayyan-177350728","Control and value appraisals and online multiple‐text comprehension in primary school: The mediating role of boredom and the moderating role of word‐reading fluency.",NA,1,1,"","",92,1,"","","","eng","Wiley-Blackwell Publishing Ltd.",NA,"Background: Online multiple‐text comprehension is a key skill of the 21st Century, yet the study of its relations with boredom in young students has been disregarded. Boredom is an achievement emotion expected to be predicted negatively by antecedents like control and value appraisals and to be associated to a negative performance. Notwithstanding its documented domain‐specificity, scarce attention has been paid to investigating these relations with primary‐school students in the reading domain, and specifically for online multiple‐text comprehension, and to how such relations are moderated by basic cognitive abilities. Aims: Considering separately two settings (homework, test), we studied the mediation of boredom in the relation between control‐value appraisals and online multiple‐text comprehension in primary‐school students, focusing on the moderating role of word‐reading fluency. Sample: Participants were 334 fourth and fifth graders. Methods: We evaluated students’ reading‐related self‐efficacy and task‐value, reading‐related boredom for homework and tests, word‐reading fluency, and online multiple‐text comprehension. Results: Path analyses revealed negative relations between control‐value appraisals and boredom for homework and tests, and between boredom and online multiple‐text comprehension for tests only. For the latter, word‐reading fluency moderated the relation between appraisals, boredom, and comprehension: Boredom negatively related to comprehension only for students with high word‐reading fluency. Conclusions: Findings are discussed focusing on antecedents of online multiple‐text comprehension as a literacy skill critical in the 21st Century. We underlined their implications for learning in general and specifically for the current educational changes due to the COVID‐19 pandemic. (PsycInfo Database Record (c) 2022 APA, all rights reserved)","10.1111/bjep.12448","",NA,NA,"RAYYAN-INCLUSION: {""rater1""=>""Excluded"", ""rater2""=>""Excluded"", ""rater3""=>""Excluded""} | RAYYAN-LABELS: bloque 1 | USER-NOTES: {""rater1""=>[""edad""]}"
"rayyan-177359918","Tackling the ‘dyslexia paradox’: Reading brain and behavior for early markers of developmental dyslexiax.",NA,1,1,"","",7,2,"","","","eng","Wiley-Blackwell Publishing Ltd.",NA,"Developmental dyslexia is an unexplained inability to acquire accurate or fluent reading that affects approximately 5–17% of children. Dyslexia is associated with structural and functional alterations in various brain regions that support reading. Neuroimaging studies in infants and pre‐reading children suggest that these alterations predate reading instruction and reading failure, supporting the hypothesis that variant function in dyslexia susceptibility genes lead to atypical neural migration and/or axonal growth during early, most likely <i>in utero</i>, brain development. Yet, dyslexia is typically not diagnosed until a child has failed to learn to read as expected (usually in second grade or later). There is emerging evidence that neuroimaging measures, when combined with key behavioral measures, can enhance the accuracy of identification of dyslexia risk in pre‐reading children but its sensitivity, specificity, and cost‐efficiency is still unclear. Early identification of dyslexia risk carries important implications for dyslexia remediation and the amelioration of the psychosocial consequences commonly associated with reading failure. (PsycINFO Database Record (c) 2017 APA, all rights reserved)","10.1002/wcs.1383","",NA,NA,""
"rayyan-177359920","Efficiency of predicting risk in word reading using fewer, easier letters.",NA,1,1,"","",37,1,"","","","eng","Sage Publications",NA,"Letter-name identification has been widely used as part of early screening to identify children who might be at risk for future word reading difficulty. The goal of the present study was to examine whether a reduced set of letters could have similar diagnostic accuracy rather than a full set (i.e., 26 letters) when used as a screen. First, we examined whether a hierarchical scale existed among letters by using a Mokken scale analysis. Then, we contrasted diagnostic accuracy among the 5, 10, 15, and 20 easiest letters, with all 26 letters by using receiver operating characteristic (ROC) curves and indices of sensitivity, specificity, positive predictive power, and negative predictive power. Results demonstrated that a hierarchical scale existed among items in the letter-name knowledge test. In addition, assessing students on the easiest 15 letters was not statistically distinguished from all 26 letters in diagnostic accuracy. The implications of the results for the use of a Mokken scale analysis in educational research are discussed. (PsycINFO Database Record (c) 2016 APA, all rights reserved)","10.1177/1534508411407761","",NA,NA,""
"rayyan-177359923","Predictive Assessment of Reading.",NA,1,1,"","",55,2,"","","","eng","International Dyslexia Assn",NA,"Study 1 retrospectively analyzed neuropsychological and psychoeducational tests given to N = 220 first graders, with follow-up assessments in third and eighth grade. Four predictor constructs were derived: (1) Phonemic Awareness, (2) Picture Vocabulary, (3) Rapid Naming, and (4) Single Word Reading. Together, these accounted for 88%, 76%, 69%, and 69% of the variance, respectively, in first, third, and eighth grade Woodcock Johnson Broad Reading and eighth grade Gates-MacGinitie. When Single Word Reading was excluded from the predictors, the remaining predictors still accounted for 71%, 65%, 61%, and 65% of variance in the respective outcomes. Secondary analyses of risk of low outcome showed sensitivities/specificities of 93.0/91.0, and 86.4/84.9, respectively, for predicting which students would be in the bottom 15% and 30% of actual first grade WJBR. Sensitivities/specificities were 84.8/83.3 and 80.2/81.3, respectively, for predicting the bottom 15% and 30% of actual third grade WJBR outcomes; eighth grade outcomes had sensitivities/specificities of 80.0/80.0 and 85.7/83.1, respectively, for the bottom 15% and 30% of actual eighth grade WJBR scores. Study 2 cross-validated the concurrent predictive validities in an N = 500 geographically diverse sample of late kindergartners through third graders, whose ethnic and racial composition closely approximated the national early elementary school population. New tests of the same four predictor domains were used, together taking only 15 minutes to administer by teachers; the new Woodcock-Johnson III Broad Reading standard score was the concurrent criterion, whose testers were blind to the predictor results. This cross-validation showed 86% of the variance accounted for, using the same regression weights as used in Study 1. With these weights, sensitivity/specificity values for the 15% and 30% thresholds were, respectively, 91.3/88.0 and 94.1/89.1. These validities and accuracies are stronger than others reported for similar intervals in the literature. (PsycINFO Database Record (c) 2016 APA, all rights reserved)","10.1007/s11881-005-0011-x","",NA,NA,""
"rayyan-177359925","Development and validity of The Adult Reading History Questionnaire (ARHQ) for Chinese.",NA,1,1,"","",31,1,"","","","eng","John Wiley & Sons",NA,"The Adult Reading History Questionnaire (ARHQ) is a popular instrument for screening dyslexia in adults. Yet, there is no evidence suggesting its applicability in Chinese. The present study aims to develop a Chinese Adult Reading History Questionnaire (Chinese‐ARHQ) and to assess its validity among Chinese adults. A total of 2439 Chinese adults completed the questionnaire of Chinese‐ARHQ with 2234 questionnaires valid for further analysis (<i>N</i><sub>males</sub> = 825,<i> M</i><sub>age</sub> = 26.29 years, SD<sub>age</sub> = 9.12). Among these participants, 184 completed the questionnaire twice and 221 completed reading‐related tests. Results showed that the Chinese‐ARHQ had good internal consistency reliability (Cronbach's α = 0.88), and the test–retest reliability was 0.81. Three factors (current reading, dyslexia symptoms and memory) were extracted through exploratory factor analysis. The scores of Chinese‐ARHQ and its factors were both related to reading and phonological skills, revealing the good criterion validity of the questionnaire. Receiver operating characteristic (ROC) analysis revealed that the optimal threshold for the Chinese‐ARHQ was 0.36 with a sensitivity of 83.3% and a specificity of 75.9%. Additionally, adults screened by the Chinese‐ARHQ (> 0.36) performed worse in reading and phonological awareness, further validating the Chinese‐ARHQ as a reliable screening tool for Chinese dyslexia in adults. (PsycInfo Database Record (c) 2025 APA, all rights reserved)","10.1002/dys.1802","",NA,NA,"RAYYAN-INCLUSION: {""rater1""=>""Excluded"", ""rater2""=>""Excluded"", ""rater3""=>""Excluded""} | RAYYAN-LABELS: bloque 1"
"rayyan-177359926","Validation and reliability of the Dyslexia Adult Checklist in screening for dyslexia.",NA,1,1,"","",31,1,"","","","eng","John Wiley & Sons",NA,"Dyslexia is a language‐based neurobiological and developmental learning disability marked by inaccurate and disfluent word recognition, poor decoding, and difficulty spelling. Individuals can be diagnosed with and experience symptoms of dyslexia throughout their lifespan. Screening tools such as the Dyslexia Adult Checklist allow individuals to self‐evaluate common risk factors of dyslexia prior to or in lieu of obtaining costly and timely psychoeducational assessments. Although widely available online, the Dyslexia Adult Checklist has yet to be validated. The purpose of this study was to validate this Checklist in a sample of adults with and without dyslexia using both univariate and multivariate statistical approaches. We hypothesised that the Dyslexia Adult Checklist would accurately distinguish between individuals with a self‐reported diagnosis of dyslexia (<i>n</i> = 200) and a control group (<i>n</i> = 200), as measured by total scores on the screening tool. Results from our sample found the Dyslexia Adult Checklist to be valid (Cronbach's α = 0.86), and reliable (sensitivity = 76%–91.5%, specificity = 80%–88%). Compared to the originally proposed cut‐off score of 45, given the higher sensitivity rate and negative predictive value, we recommend researchers and clinicians use a cut‐off score of 40 to indicate possible mild to severe symptoms of dyslexia when using the Dyslexia Adult Checklist. (PsycInfo Database Record (c) 2025 APA, all rights reserved)","10.1002/dys.1797","",NA,NA,""
"rayyan-177359928","Validation of the askisi-lexia neuropsychological web-based screener: A neuropsychological battery for screening cognitive and phonological skills of children with dyslexia.",NA,1,1,"","",NA,NA,"","","","eng","Taylor & Francis",NA,"DSM-5 classifies dyslexia as a 'specific learning disorder with impairment in reading', emphasizing deficits in phonological processing and letter knowledge. Children with dyslexia commonly exhibit challenges in reading accuracy, fluency, and associated cognitive deficits. Computerized neuropsychological assessments have gained prominence for their precision and control in evaluating cognitive abilities. This manuscript presents the validation outcomes of Askisi-Lexia, a web-based neuropsychological screener developed to assess cognitive and phonological skills in children. The screener effectively differentiated between dyslexic and non-dyslexic participants, with dyslexic children demonstrating significantly lower scores and prolonged response times across all nine tasks (five targeting phonological skills and four evaluating cognitive abilities). Additionally, Askisi-Lexia exhibited high sensitivity and specificity across all subtests. Reliability analysis revealed high internal consistency and test-retest reliability. Notably, moderate correlations were observed between Askisi-Lexia and Test-A, a well-established traditional paper-and-pencil assessment, underscoring the screener’s validity. These findings highlight the efficacy of web-based tools in assessing phonological and cognitive deficits associated with dyslexia. The study underscores the potential of web-based screening applications as practical, engaging, and efficient methods for dyslexia assessment. Such tools facilitate identification and intervention, contributing to significant advancements in educational and clinical practice for children with reading-related challenges. (PsycInfo Database Record (c) 2025 APA, all rights reserved)","10.1080/21622965.2025.2461192","",NA,NA,""
"rayyan-177359930","Algorithm for screening students for dyslexia through reading. Data collected with the use of eye-tracking technology in the Greek language.",NA,1,1,"","",27,3,"","","","eng","Hellenic Psychological Society",NA,"In this study, the reading process was evaluated with the use of eye-tracking technology. Emphasis was placed on the specific learning disability of reading and writing (developmental dyslexia), which leads to difficulties in reading accuracy and fluency, among other things. While developmental dyslexia is not an oculomotor problem, the difficulties in decoding and fluency are depicted in fixations and saccadic movements during reading. Using data recorded using eye-tracking and the analysis of the reading path through eye movements, a reading evaluation tool was developed, distinguishing students with and without reading difficulties. In this study, 137 native Greek students participated, aged 8.1 to 15.6 years, of whom 62 were girls and 75 were boys. All participants read two texts of increasing difficulty in the Greek language and were evaluated while reading silently. The results of the study revealed that the success rate in student distinction was 90%. In particular, 63 of the 68 typical readers (93% specificity) and 60 of the 69 readers with developmental dyslexia (87% sensitivity) were evaluated and correctly classified by the model, under circular validation. Taking into account how important is early intervention for solving problems in language skills like reading, the tool of this study records eye movements during reading (i.e. it records the reading path which is unique for each reader), quantifies the data and identifies the readers with poor reading skills, in relation to their age. The use of this tool is to detect students with reading difficulties and help specialists create customized treatment plans (complementary with other tools) and track the progress of such treatment plans. (PsycInfo Database Record (c) 2023 APA, all rights reserved)","","",NA,NA,"RAYYAN-INCLUSION: {""rater1""=>""Excluded"", ""rater2""=>""Excluded"", ""rater3""=>""Excluded""} | RAYYAN-LABELS: bloque 1 | USER-NOTES: {""rater1""=>[""edad""]}"
"rayyan-177359931","La identificación del riesgo de trastorno del aprendizaje de la lectura (dislexia) en 2.° curso de educación infantil.",NA,1,1,"","",43,3,"","","","spa","Elsevier Science",NA,"Objective: To check the predictive efficacy of subsequent reading difficulties of the Test for the early detection of difficulties in learning to read and write and the Battery for initiation to reading (BIL3-6). Method: Both instruments were applied to students in the 2nd year of Preschool (107 participants for the Early Detection Test and 209 for the BIL3-6), and 2 years later their reading was evaluated by reading Words and Pseudowords of the Prolec-R and Text IB of the TALE. An assessment of the participants’ learning was also obtained from the teachers. Results: The sensitivity (S) and specificity (E) of both instruments were calculated based on the groupings of the students based on the results in the 3 reading tasks: good and poor readers from pc16. Neither of the two instruments examined reach appropriate values of S and E. If an appropriate value of S is taken a priori to ensure that students at risk of difficulties are identified, then the E is very low, and therefore the number of false positives makes it impossible successful educational decisions. The general assessment of the teaching staff on the learning of each participant shows a similar predictive capacity as both instruments. (PsycInfo Database Record (c) 2023 APA, all rights reserved)","10.1016/j.rlfa.2023.100316","",NA,NA,""
"rayyan-177359932","Diagnostic accuracy of multivariate universal screening procedures for reading in upper elementary grades.",NA,1,1,"","",38,5,"","","","eng","Sage Publications",NA,"We examined the diagnostic accuracy and efficiency of three approaches to universal screening for reading difficulties using retrospective data from 1,307 students in Grades 3 through 5. School staff collected screening data using the Measures of Academic Progress (MAP), a curriculum-based measure (CBM), and running records (RR). The criterion measure was a high-stakes state accountability test aligned with the Common Core State Standards. We examined the diagnostic accuracy of the tests in isolation, as multivariate batteries, and via a simulated gated-screening approach. CBM and RR data resulted in unacceptable diagnostic accuracy across all three grades. In the fourth grade, the MAP alone resulted in the best balance of sensitivity and specificity. Among third- and fifth-grade students, the multivariate combination of MAP and CBM demonstrated the best balance between diagnostic accuracy and efficiency. Gated-screening increased specificity but lowered sensitivity. Results highlight the need for population-specific considerations in universal screening. (PsycINFO Database Record (c) 2018 APA, all rights reserved)","10.1177/0741932517697446","",NA,NA,"RAYYAN-INCLUSION: {""rater1""=>""Excluded"", ""rater2""=>""Included"", ""rater3""=>""Excluded""} | RAYYAN-LABELS: bloque 1 | USER-NOTES: {""rater1""=>[""edad""]}"
"rayyan-177359934","An abbreviated Chinese dyslexia screening behavior checklist for primary school students using a machine learning approach.",NA,1,1,"","",56,7,"","","","eng","Springer",NA,"To increase early identification and intervention of dyslexia, a prescreening instrument is critical to identifying children at risk. The present work sought to shorten and validate the 30-item Mandarin Dyslexia Screening Behavior Checklist for Primary School Students (the full checklist; Fan et al., 心理与行为研究, 19, 521–527, 2021). Our participants were 15,522 Mandarin-Chinese-speaking students and their parents, sampled from classrooms in grades 2–6 across regions in mainland China. A machine learning approach (lasso regression) was applied to shorten the full checklist (Fan et al., 心理与行为研究, 19, 521–527, 2021), constructing grade-specific brief checklists first, followed by a compilation of the common brief checklist based on the similarity across grade-specific checklists. All checklists (the full, grade-specific brief, and common brief versions) were validated and compared with data in our sample and an external sample (<i>N</i> = 114; Fan et al., 心理与行为研究, 19, 521–527, 2021). The results indicated that the six-item common brief checklist showed consistently high reliability (αs > .82) and reasonable classification performance (about 60% prediction accuracy and 70% sensitivity), comparable to that of the full checklist and all grade-specific brief checklists across our current sample and the external sample from Fan et al., 心理与行为研究, 19, 521–527, (2021). Our analysis showed that 2.42 (out of 5) was the cutoff score that helped classify children’s reading status (children who scored higher than 2.42 might be considered at risk for dyslexia). Our final product is a valid, accessible, common brief checklist for prescreening primary school children at risk for Chinese dyslexia, which can be used across grades and regions in mainland China. (PsycInfo Database Record (c) 2025 APA, all rights reserved)","10.3758/s13428-024-02461-w","",NA,NA,"RAYYAN-INCLUSION: {""rater1""=>""Excluded"", ""rater2""=>""Included"", ""rater3""=>""Excluded""} | RAYYAN-LABELS: bloque 1 | USER-NOTES: {""rater1""=>[""fuera de nuestro rango de edad""]}"
"rayyan-177359936","Sequence processing in music predicts reading skills in young readers: A longitudinal study.",NA,1,1,"","",57,1,"","","","eng","Sage Publications",NA,"Musical abilities, both in the pitch and temporal dimension, have been shown to be positively associated with phonological awareness and reading abilities in both children and adults. There is increasing evidence that the relationship between music and language relies primarily on the temporal dimension, including both meter and rhythm. It remains unclear to what extent skill level in these temporal aspects of music may uniquely contribute to the prediction of reading outcomes. A longitudinal design was used to test a group-administered musical sequence transcription task (MSTT). This task was designed to preferentially engage sequence processing skills while controlling for fine-grained pitch discrimination and rhythm in terms of temporal grouping. Forty-five children, native speakers of Portuguese (<i>M</i><sub>age</sub> = 7.4 years), completed the MSTT and a cognitive-linguistic protocol that included visual and auditory working memory tasks, as well as phonological awareness and reading tasks in second grade. Participants then completed reading assessments in third and fifth grades. Longitudinal regression models showed that MSTT and phonological awareness had comparable power to predict reading. The MSTT showed an overall classification accuracy for identifying low-achievement readers in Grades 2, 3, and 5 that was analogous to a comprehensive model including core predictors of reading disability. In addition, MSTT was the variable with the highest loading and the most discriminatory indicator of a phonological factor. These findings carry implications for the role of temporal sequence processing in contributing to the relationship between music and language and the potential use of MSTT as a language-independent, time- and cost-effective tool for the early identification of children at risk of reading disability. (PsycInfo Database Record (c) 2024 APA, all rights reserved)","10.1177/00222194231157722","",NA,NA,""
"rayyan-177359938","Longitudinal predictors of french word reading difficulties among French immersion children.",NA,1,1,"","",73,1,"","","","eng","Springer",NA,"In Canada, approximately 12% of school-aged children are enrolled in French Immersion (FI), with some provinces estimating close to 30%. FI programs are intended to produce bilingual individuals who can functionally communicate in both of Canada’s official languages. Yet, we are currently underinformed as to how to identify children with French word reading difficulties in such programs. Within this context, and in the interests of informing early identification of second language reading challenges, we examined early English predictors of French word reading difficulties. We also examined potential overlap of these difficulties as well as the stability of these difficulties over time. A total of 108 children in FI participated, completing measures of English nonverbal intelligence, phonological awareness, rapid automatized naming, and receptive vocabulary in kindergarten, as well as English and French word reading in grades 1, 2, and 3. Logistic regressions revealed that kindergarten English phonological awareness and rapid automatized naming (RAN) distinguished between good and poor French word readers in grade 3, with adequate sensitivity and specificity. These results suggest that English phonological awareness and RAN may be appropriate early skills to identify children at risk of word reading challenges in bilingual programs. Chi-square analyses demonstrated significant overlap of English and French word reading challenges in grades 1, 2, and 3, highlighting the possibility that English and French word reading difficulties do not exist independently. Finally, chi-square analyses revealed retrospectively stable word reading difficulties in English and French. Interestingly, prospective stability was stronger for French than English word reading challenges. Overall, our results underscore the importance of considering the specific nature of word reading difficulties in bilingual readers. (PsycInfo Database Record (c) 2023 APA, all rights reserved)","10.1007/s11881-022-00275-z","",NA,NA,"RAYYAN-INCLUSION: {""rater1""=>""Excluded""}"
"rayyan-177359940","Early identification of reading difficulties: A screening strategy that adjusts the sensitivity to the level of prediction accuracy.",NA,1,1,"","",23,3,"","","","eng","John Wiley & Sons",NA,"Early screening for reading difficulties before the onset of instruction is desirable because it allows intervention that is targeted at prevention rather than remediation of reading difficulties. However, early screening may be too inaccurate to effectively allocate resources to those who need them. The present study compared the accuracy of early screening before the onset of formal reading instruction with late screening six months into the first year of instruction. The study followed 164 Danish students from the end of Grade 0 to the end of Grade 2. Early screening included measures of phonemic awareness, rapid naming, letter knowledge, paired associate learning, and reading. Late screening included only reading. Results indicated that reading measures improved substantially as predictors over the first six months of Grade 1, to the point where late reading measures alone provided as much information as the early measures combined. In the light of these results and a less than perfect early screening accuracy, a new strategy for screening is introduced and discussed. The strategy proposes multi‐point screening with gradually increasing sensitivity to strike a balance between manageable screening procedures and outcomes and early identification of students who are most likely in need of extra resources. (PsycInfo Database Record (c) 2022 APA, all rights reserved)","10.1002/dys.1560","",NA,NA,"RAYYAN-INCLUSION: {""rater1""=>""Included"", ""rater2""=>""Included"", ""rater3""=>""Included""} | RAYYAN-LABELS: bloque 1"
"rayyan-177359941","Early prediction of reading risk in fourth grade: A combined latent class analysis and classification tree approach.",NA,1,1,"","",27,1,"","","","eng","Taylor & Francis",NA,"Purpose: Fourth grade typically involves shifting the instruction from <i>learning to read to reading to learn</i>, which can cause students to struggle. However, early reading intervention guided by assessment has demonstrated effectiveness in preventing later reading difficulties (RD). This study presents a classification and regression tree (CART) model predicting fourth-grade reading groups using first-grade measures. Method: Students were assessed in first and fourth grade (<i>N</i> = 452). Fourth-grade groups were determined using latent class analysis based on word reading and reading comprehension measures with a cut-point at the 15th percentile. A CART model was trained to determine the best decision rules to classify students at risk of developing later RD and compared to a logistic regression model. Results: Important first-grade predictors included a mix of oral language and foundational word-reading skills with final classification accuracy estimates of .90 AUC, .91 sensitivity, and .75 specificity. Conclusion: While the CART and logistic regression models’ classification accuracy was similar, CART has the advantage of offering a more intuitive way for practitioners to determine risk. Multivariate screening can be time-consuming, but CART models offer the potential to reduce false positives and guide targeted interventions, leading to better use of school resources. (PsycInfo Database Record (c) 2023 APA, all rights reserved)","10.1080/10888438.2022.2121655","",NA,NA,""
"rayyan-177359942","Tarefas de nomeação seriada rápida: Rastreando a dificuldade de leitura.",NA,1,1,"","",32,4,"","","","por","Universidade de Brasília",NA,"The aim of this study was to analyze the rapid automatized naming (RAN)’s accuracy for identifying students at risk/not at risk for reading difficulty. Two hundred and thirteen children performed the RAN tasks when they were in the last year of Kindergarten and 174 among them, accomplished the reading task when they were in the first grade of Elementary School. Analyses based on the ROC curve (Receiver Operating Characteristic) indicated that all the RAN measures (objects, colors, numbers, and letters) had a fair accuracy for identifying students at risk/not at risk for reading difficulty (AUC ≥ 0.70). RAN numbers had the best classification accuracy presenting sensitivity and specificity indexes of 88% and 50%, respectively. (PsycINFO Database Record (c) 2018 APA, all rights reserved)","10.1590/0102.3772e32425","",NA,NA,""
"rayyan-177359944","Using spelling to screen bilingual kindergarteners at risk for reading difficulties.",NA,1,1,"","",49,3,"","","","eng","Sage Publications",NA,"For bilingual children, the results of language and literacy screening tools are often hard to interpret. This leads to late referral for specialized assessment or inappropriate interventions. To facilitate the early identification of reading difficulties in English, we developed a method of screening that is theory-driven yet suitable for first-language (L1) and second-language learners of English. We administered five conventional tests (phonological awareness, vocabulary, <i>Wide Range Achievement Test–4</i> [WRAT-4] spelling, letter identification, rapid naming of digits) to 127 five-year-olds (60 English-L1, 67 Mandarin-L1) about 6 months after they started kindergarten, and used the WRAT-4 word reading score 6 months later as the outcome measure. Consistent with previous research, and with children with reading disabilities defined as below the 25 percentile on the reading outcome, logistic regression revealed that the full set of screening measures predicted reading disability status. However, when each predictor was taken as a single measure, spelling scores provided the best fit in terms of the compromise between sensitivity (.75) and specificity (.73) for an optimal cutoff point. Based on this exploratory study, group-administered spelling tasks could provide an efficient solution to screening difficulties in large classes of bilingual children. (PsycInfo Database Record (c) 2021 APA, all rights reserved)","10.1177/0022219414538519","",NA,NA,""
"rayyan-177359946","Does dynamic assessment offer an alternative approach to identifying reading disorder? A systematic review.",NA,1,1,"","",56,6,"","","","eng","Sage Publications",NA,"Traditional static tests of reading and reading-related skills offer some ability to predict future reading performance, though such screeners may misclassify children with or at risk of reading disorder (RD). Dynamic assessment (DA) is an alternative approach that measures learning potential and may be less dependent on learning background. A systematic review was carried out to examine the ability of DA to classify children with or at risk of RD. A database search yielded 14 eligible articles assessing DA of decoding, phonological awareness (PA), and working memory (WM). Results suggest that DA explains unique variance in the prediction of later RD status, and although models with a single dynamic predictor sometimes achieved good classification accuracy, this was enhanced somewhat by the addition of static predictors. Higher classification accuracy was found for DA targeting constructs more proximal to reading, particularly decoding, but the predictive power of DA of decoding and PA appeared to wane with increasing age as static measures explained more variance in outcomes. Some evidence emerged that DA provides benefits over static tests for the prediction of RD in bilingual students, though no studies examined outcomes by administration format or orthographic depth. Limitations and suggestions for future work are discussed. (PsycInfo Database Record (c) 2023 APA, all rights reserved)","10.1177/00222194221117510","",NA,NA,"RAYYAN-INCLUSION: {""rater1""=>""Excluded"", ""rater2""=>""Excluded"", ""rater3""=>""Excluded""} | RAYYAN-LABELS: bloque 1"
"rayyan-177364231","Development and diagnostic accuracy of dyslexia early identification flowchart for pediatric practice",2023,NA,NA,"Asian Journal of Psychiatry","",89,NA,"","Thongseiratch, T. and Traipidok, P. and Charleowsak, P. and Kraiwong, T. and Geater, A.F.","https://www.scopus.com/inward/record.uri?eid=2-s2.0-85174049714&doi=10.1016%2fj.ajp.2023.103795&partnerID=40&md5=6c0632eac9cb58aff99c9e74e2feacc5","","",NA,"This study developed and evaluated the Rapid Automatized naming, Phonological Awareness, and Letter Identification (RAPALI) flowchart for early dyslexia identification in pediatric settings. Using early literacy skills at kindergarten level from the Thai emergent literacy for predicting dyslexia longitudinal study, the RAPALI flowchart effectively identified dyslexia risk at grade 3 level, boasting an AUC of 0.71, a sensitivity of 95.5%, and a negative predictive value of 99.1%. RAPALI demonstrated acceptable specificity and positive predictive value. The user-friendly flowchart aids early identification, interventions, and preventive measures for dyslexia, benefiting affected children and their families. However, further validation and adaptation are needed. © 2023 Elsevier B.V.","10.1016/j.ajp.2023.103795","Diagnostic flowchart;Dyslexia;Early identification;Emergent literacy;Pediatric settings;Child;Dyslexia;Educational Status;Humans;Longitudinal Studies;Reading;Software Design;Article;child;clinical article;controlled study;diagnostic accuracy;diagnostic procedure;diagnostic test accuracy study;dyslexia;early diagnosis;female;human;kindergarten;literacy;longitudinal study;male;predictive value;prophylaxis;rapid automatized naming, phonological awareness, and letter identification flowchart;risk factor;sensitivity and specificity;educational status;reading;software design",NA,NA,"Export Date: 13 March 2025; Cited By: 1 | RAYYAN-INCLUSION: {""rater1""=>""Included"", ""rater2""=>""Included"", ""rater3""=>""Included""} | RAYYAN-LABELS: bloque 1"
"rayyan-177364232","Sensitivity and Specificity of an Executive Function Screener at Identifying Children With ADHD and Reading Disability",2021,NA,NA,"Journal of Attention Disorders","",25,1,"134-140","Karr, J.E. and Kibby, M.Y. and Jagger-Rickels, A.C. and Garcia-Barrera, M.A.","https://www.scopus.com/inward/record.uri?eid=2-s2.0-85044530755&doi=10.1177%2f1087054718763878&partnerID=40&md5=e53675779b5e44fd8fcdf13e2a392f89","","",NA,"Objective: This study evaluated the sensitivity/specificity of a global sum score (GSS) from the Behavior Assessment System for Children, Second Edition, Executive Function screener (BASC-2-EF) at classifying children with/without ADHD and/or reading disability (RD). Method: The BASC-2 Teacher/Parent Rating Scales (TRS/PRS) were completed for children (8-12 years old; 43.1% female) with no diagnosis (n = 53), RD (n = 34), ADHD (n = 85), co-morbid RD/ADHD (n = 36), and other diagnoses (n = 15). Receiver operating characteristic (ROC) curve analyses evaluated the sensitivity/specificity of the BASC-2-EF GSS at discriminating between children with/without ADHD or RD. Results: Area under the curve (AUC) scores indicated the sensitivity/specificity of the BASC-2-EF GSS at discriminating between children with/without ADHD (TRS: AUC =.831, p <.001; PRS: AUC =.919, p <.001), with/without RD (TRS: AUC =.724, p =.001; PRS: AUC =.615, p =.101), and with ADHD or RD through post hoc analysis (TRS: AUC =.674, p =.006; PRS: AUC =.819, p <.001). Conclusion: The findings support utilizing the BASC-2-EF GSS when differentiating ADHD from RD and typical development. © The Author(s) 2018.","10.1177/1087054718763878","ADHD;BASC-2;executive function;factor analysis;psychometrics;Attention Deficit Disorder with Hyperactivity;Child;Dyslexia;Executive Function;Female;Humans;Learning Disabilities;Male;Sensitivity and Specificity;attention deficit disorder;child;dyslexia;executive function;female;human;learning disorder;male;sensitivity and specificity",NA,NA,"Export Date: 13 March 2025; Cited By: 4"
"rayyan-177368852","A review of three commonly used brief dyslexia rating scales.",NA,1,1,"","",61,1,"","","","eng","Wiley-Blackwell",NA,"The use of brief dyslexia rating scales is increasing given current dyslexia legislation efforts across the United States. The purpose of this article is to provide an overview of the historical context of the use of brief dyslexia rating scales, strengths, and limitations of using these measures, criteria for selecting these measures, and a review of three commonly used brief dyslexia rating scales in the United States. A discussion of how brief dyslexia rating scales can be used in conjunction with other forms of assessment is also provided. Implications for practice on using brief dyslexia rating scales are addressed in the context of both assessment and intervention. Practitioner points: Dyslexia screeners are intended to identify students who are at risk of not meeting reading performance standards and consist of both performance‐based measures and brief dyslexia rating scales.Caution should be taken when using brief dyslexia rating scale screeners due to low sample sizes for certain populations, limited numbers of students with dyslexia in the standardization sample of some measures, and variable specificity and sensitivity levels.Practitioners are encouraged to utilize performance‐based screeners if scores on a brief dyslexia rating scale screener fall below a cut score.","10.1002/pits.23051","",NA,NA,"RAYYAN-INCLUSION: {""rater1""=>""Excluded"", ""rater2""=>""Included"", ""rater3""=>""Included""} | RAYYAN-LABELS: bloque 1 | USER-NOTES: {""rater1""=>[""por edad y porque es una revision y no se si eso lo podemos incluir""]}"
"rayyan-177368853","Comparing the Cost–Accuracy Ratios of Multiple Approaches to Reading Screening in Elementary Schools.",NA,1,1,"","",45,2,"","","","eng","Sage Publications Inc.",NA,"U.S. elementary schools administer reading screeners to identify students in need of remedial instruction. However, the administration of additional assessments comes with a cost. It is unclear the extent to which multiple types of reading screeners warrant the increase in resources that could be used for instruction. This study compared cost–accuracy ratios for three types of reading screeners in Grade 3: curriculum-based measurement (Acadience), computer adaptive assessment (Star), informal reading inventory (Fountas and Pinnell Benchmark Assessment System), and the cost–accuracy of using all three in conjunction. We used classification and regression tree analysis to identify local cut-scores and identify how measures could be combined to maximize classification accuracy. Results suggested that oral reading fluency score (Acadience) yielded the best cost–accuracy ratio, but the combination of Star and oral reading fluency identified important instructional groups. Cost tables provide additional insight to schools on critical decision points for choosing and implementing reading screeners.","10.1177/07419325231190809","",NA,NA,"RAYYAN-INCLUSION: {""rater1""=>""Excluded"", ""rater2""=>""Included"", ""rater3""=>""Excluded""} | RAYYAN-LABELS: bloque 1 | USER-NOTES: {""rater1""=>[""no cumplen con la edad""]}"
"rayyan-177368855","Decision Accuracy of Commonly Used Dyslexia Screeners Among Students Who Are Potentially at Risk for Reading Difficulties.",NA,1,1,"","",46,4,"","","","eng","Sage Publications Inc.",NA,"Students with dyslexia demonstrate reading difficulty in early literacy skills (e.g., phonemic awareness, word recognition, decoding), and administering screeners is a necessary step to implement effective intervention. There are several commonly used reading screeners, but the decision accuracy and predictive value between them varies. In the current study, scores on two different reading screeners, the Shaywitz DyslexiaScreen (SDS) and Dynamic Indicators of Basic Early Literacy Skills Next (DIBELS Next) were compared for 115 U.S. Grades K–3 students with specific reading deficits using the Phonological Awareness Composite of the Comprehensive Test of Phonological Processing as the criterion. Tests of sensitivity, specificity, and post-test probabilities were used to evaluate the decision accuracy of the data. Results suggested that the decision accuracy for DIBELS Next (78%) was better than SDS (45%), and both sensitivity (DIBELS Next = 90%, SDS = 35%) and positive post-test probability (DIBELS Next = 71%, SDS = 42%) favored DIBELS Next. Thus, the DIBELS Next measures demonstrated acceptable decision accuracy in identifying students with low phonological awareness, but the SDS did not.","10.1177/07319487221096684","",NA,NA,"RAYYAN-INCLUSION: {""rater1""=>""Excluded"", ""rater2""=>""Included"", ""rater3""=>""Included""} | RAYYAN-LABELS: bloque 1 | USER-NOTES: {""rater1""=>[""edad""]}"
"rayyan-177368856","Propriedades Psicométricas da Escala de Rastreio dos Sinais da Dislexia para o Professor.",NA,1,1,"","",22,1,"","","","por","Instituto Brasileiro de Avaliacao Psicologica",NA,"Detection of dyslexia should occur early, with the development of instruments that allow teachers to perceive the signs being necessary for the Brazilian context. The aim of the study was to construct and validate a dyslexia signs screening instrument for teachers. The psychometric parameters were tested considering content, construct and criterion validity. For the three types of validity, the results were satisfactory. The instrument presented a two-factor structure with a reliability level above .97. The ROC curve results showed high sensitivity and specificity, distinguishing children with and without signs of dyslexia. The 30-item instrument had psychometric parameters contributing to the identification of signs of dyslexia by teachers.","10.15689/ap.2023.2201.19619.02","",NA,NA,""
"rayyan-177368857","Information from Noise: Measuring Dyslexia Risk Using Rasch-like Matrix Factorization with a Procedure for Equating Instruments.",NA,1,1,"","",25,12,"","","","eng","MDPI",NA,"This study examines the psychometric properties of a screening protocol for dyslexia and demonstrates a special form of matrix factorization called Nous based on the Alternating Least Squares algorithm. Dyslexia presents an intrinsically multidimensional complex of cognitive loads. By building and enforcing a common 6-dimensional space, Nous extracts a multidimensional signal for each person and item from test data that increases the Shannon entropy of the dataset while at the same time being constrained to meet the special objectivity requirements of the Rasch model. The resulting Dyslexia Risk Scale (DRS) yields linear equal-interval measures that are comparable regardless of the subset of items taken by the examinee. Each measure and cell estimate is accompanied by an efficiently calculated standard error. By incorporating examinee age into the calibration process, the DRS can be generalized to all age groups to allow the tracking of individual dyslexia risk over time. The methodology was implemented using a 2019 calibration sample of 828 persons aged 7 to 82 with varying degrees of dyslexia risk. The analysis yielded high reliability (0.95) and excellent receiver operating characteristics (AUC = 0.96). The analysis is accompanied by a discussion of the information-theoretic properties of matrix factorization.","10.3390/e25121580","",NA,NA,""
"rayyan-177368860","Efficient Deep Learning Model for Detecting Dyslexia in Children from an Online Gamified Test Dataset.",NA,1,1,"","",3,8,"","","","eng","Journal of Disability Research",NA,"Dyslexia, a neurodevelopmental disorder, significantly impacts the learning ability of young children, often going undetected until later stages of education. Early detection of this disease is essential so that the impact can be significantly reduced by prompt intervention. But because of the reliance on labour-intensive procedures and limited scalability, traditional detection methods have not been able to provide immediate and accurate assessments. In response, this research introduces a standardised approach utilising an online gamified test dataset to predict the risk of dyslexia through an artificial neural network model, while incorporating advanced preprocessing techniques, effectively addressing the problems of class imbalance, outliers, and noise within the data. With an accuracy of 97%, this research demonstrates the remarkable utility of this approach and surpasses the results of the state-of-the-art methods. These findings, together with our model's improved sensitivity and specificity, highlight the revolutionary potential of our approach. This innovation is important for the field of learning disorders and neurodevelopmental research because it has the potential to improve the educational paths of many children.","10.57197/JDR-2024-0099","",NA,NA,""
"rayyan-177368861","Screening for Dyslexia in University Students: a Standardized Procedure Based on Conditional Inference Trees.",NA,1,1,"","",39,5,"","","","eng","Oxford University Press / USA",NA,"Objective The focus of this study is on providing tools to enable researchers and practitioners to screen for dyslexia in adults entering university. The first aim is to validate and provide diagnostic properties for a set of seven tests including a 1-min word reading test, a 2-min pseudoword reading test, a phonemic awareness test, a spelling test, the Alouette reading fluency test, a connected-text reading fluency test, and the self-report Adult Reading History Questionnaire (ARHQ). The second, more general, aim of this study was to devise a standardized and confirmatory procedure for dyslexia screening from a subset of the initial seven tests. We used conditional inference tree analysis, a supervised machine learning approach to identify the most relevant tests, cut-off scores, and optimal order of test administration. Method A combined sample of 60 university students with dyslexia (clinical validation group) and 65 university students without dyslexia (normative group) provided data to determine the diagnostic properties of these tests including sensitivity, specificity, and cut-off scores. Results Results showed that combinations of four tests (ARHQ, text reading fluency, phonemic awareness, pseudoword reading) and their relative conditional cut-off scores optimize powerful discriminatory screening procedures for dyslexia, with an overall classification accuracy of approximately 90%. Conclusions The novel use of the conditional inference tree methodology explored in the present study offered a way of moving toward a more efficient screening battery using only a subset of the seven tests examined. Both clinical and theoretical implications of these findings are discussed.","10.1093/arclin/acad103","",NA,NA,""
"rayyan-177368868","Discordant and false-negative interpretations at digital breast tomosynthesis in the prospective Oslo Tomosynthesis Screening Trial (OTST) using independent double reading.",NA,1,1,"","",34,6,"","","","eng","Springer Nature",NA,"Objectives: To analyze discordant and false-negatives of double reading digital breast tomosynthesis (DBT) versus digital mammography (DM) including reading times in the Oslo Tomosynthesis Screening Trial (OTST), and reclassify these in a retrospective reader study as missed, minimal sign, or true-negatives. Methods: The prospective OTST comparing double reading DBT vs. DM had paired design with four parallel arms: DM, DM + computer aided detection, DBT + DM, and DBT + synthetic mammography. Eight radiologists interpreted images in batches using a 5-point scale. Reading time was automatically recorded. A retrospective reader study including four radiologists classified screen-detected cancers with at least one false-negative score and screening examinations of interval cancers as negative, non-specific minimal sign, significant minimal sign, and missed; the two latter groups are defined ""actionable."" Statistics included chi-square, Fisher's exact, McNemar's, and Mann–Whitney U tests. Results: Discordant rate (cancer missed by one reader) for screen-detected cancers was overall comparable (DBT (31% [71/227]) and DM (30% [52/175]), p =.81), significantly lower at DBT for spiculated cancers (DBT, 19% [20/106] vs. DM, 36% [38/106], p =.003), but high (28/49 = 57%, p = 0.001) for DBT-only detected spiculated cancers. Reading time and sensitivity varied among readers. False-negative DBT-only detected spiculated cancers had shorter reading time than true-negatives in 46% (13/28). Retrospective evaluation classified the following DBT exams ""actionable"": three missed by both readers, 95% (39/41) of discordant cancers detected by both modes, all 30 discordant DBT-only cancers, 25% (13/51) of interval cancers. Conclusions: Discordant rate was overall comparable for DBT and DM, significantly lower at DBT for spiculated cancers, but high for DBT-only detected spiculated lesions. Most false-negative screen-detected DBT were classified as ""actionable."" Clinical relevance statement: Retrospective evaluation of false-negative interpretations from the Oslo Tomosynthesis Screening Trial shows that most discordant and several interval cancers could have been detected at screening. This underlines the potential for modern AI-based reading aids and triage, as high-volume screening is a demanding task. Key Points: • Digital breast tomosynthesis (DBT) screening is more sensitive and has higher specificity compared to digital mammography screening, but high-volume DBT screening is a demanding task which can result in high discordance rate among readers. • Independent double reading DBT screening had overall comparable discordance rate as digital mammography, lower for spiculated masses seen on both modalities, and higher for small spiculated cancer seen only on DBT. • Almost all discordant digital breast tomosynthesis-detected cancers (72 of 74) and 25% (13 of 51) of the interval cancers in the Oslo Tomosynthesis Screening Trial were retrospectively classified as actionable and could have been detected by the readers.","10.1007/s00330-023-10400-0","",NA,NA,"RAYYAN-INCLUSION: {""rater1""=>""Excluded"", ""rater2""=>""Excluded"", ""rater3""=>""Excluded""} | RAYYAN-LABELS: bloque 1"
"rayyan-177368870","Metodologias de gamificação virtual no ensino de Biologia: um enfoque na formação inicial de professores.",NA,1,1,"","",12,2,"","","","por","Editora da Universidade do Estado do Rio de Janeiro (EdUERJ)",NA,"The teaching-learning process is unique and has specificities according to each individual. The exclusive use of the traditional teaching model does not meet all these demands, especially when it comes to inclusive education. There are several Brazilian laws that make inclusion mandatory in the school environment. However, students with special educational needs end up being excluded due to the use of teaching methodologies that do not prioritize their learning needs. Active methodologies have inclusive potential, especially for neurodiverse students (Autism Spectrum Disorder - ASD, Attention Deficit Hyperactivity Disorder - ADHD and dyslexia). Among them, virtual gamification stands out, characterized by using mechanics, aesthetics and gamer thinking through applications that are used on smartphone, tablet and computer screens to promote learning through engagement and motivation. Therefore, this study aimed to understand whether undergraduate students in Biological Sciences at the State University of Rio de Janeiro (UERJ/Maracanã) understand the pedagogical and inclusive potential of virtual gamification. To this end, a quantitative survey was conducted using a form developed on the free Google Forms platform, which obtained 60 responses. Based on the analysis of these data, it can be inferred that this methodology and its inclusive potential are not widely disseminated in the aforementioned undergraduate courses. This is because the field of research with virtual gamification is recent and requires more scientific studies to consolidate its theory and application in the classroom. In this way, this knowledge can be better disseminated academically.","10.12957/sustinere.2024.80267","",NA,NA,""
"rayyan-177368872","Motor Behavior Disorders in Children with Developmental Dyslexia: a Comprehensive Narrative Review of the Literature.",NA,1,1,"","",12,3,"","","","eng","CIC Edizioni Internazionali s.r.l.",NA,"Background. Difficulty with literacy acquisition is only one of the symptoms of developmental dyslexia. Dyslexic children also show poor motor coordination and postural control. Several studies have shown that dyslexic children and adults perform worse than non-dyslexic children in tasks that also involve postural control. Methods. In January 2022 the main online databases were accessed. All the articles that investigate possible concomitance between the developmental dyslexia with motor behavior disorders were considered. Results. The association between developmental dyslexia and motility disorders would deserve investigations on larger patient cohorts. The evidence of relationships between impaired motor behavior and dyslexia is inconclusive, partly because few studies have been undertaken and partly because tests and procedures differed between studies. Conclusions. If an association between motor behavior and dyslexia can be confirmed, tests of motor skills could be included as tools in screening batteries, thereby potentially improving diagnostic accuracy, optimizing the management of patients with this disease, and designing more effective physiotherapy programs. Such measures might also be used to identify prereaders at risk of developing dyslexia prior to the manifestation of any reading difficulties.","10.32098/mltj.03.2022.01","",NA,NA,""
"rayyan-177368873","Improving Efficiency for Making Screening Decisions: A Statewide Comparison of Early Literacy Curriculum‐Based Measurement Tools.",NA,1,1,"","",33,4,"","","","eng","Sage Publications Inc.",NA,"Universal screening practices play a critical role in preventing reading difficulties. Screening decisions typically rely on results from several curriculum‐based measurement (CBM) tools. In this study, data from 236 first graders were pulled as a subsample from a statewide study. Participants completed multiple early literacy CBM tools and an outcome measure. Performance differences were compared across tools and publishers to examine classification accuracy. Results show no differences in performance between nonsense word fluency tools across publishers, yet differences were found examining classification accuracy. We also report results of an exploratory analysis examining whether improvements in testing efficiency in early literacy screening are possible via multiple‐gating procedures. Improving the accuracy and efficiency of screening procedures are discussed as implications for practice.","10.1111/ldrp.12181","",NA,NA,""
"rayyan-177368874","Screening for Meares–Irlen sensitivity in adults: can assessment methods predict changes in reading speed?",NA,1,1,"","",26,6,"","","","eng","Wiley-Blackwell",NA,"Two methods of assessing candidates for coloured overlays were compared with the aim of determining which method had the most practical utility. A total of 58 adults were assessed as potential candidates for coloured overlays, using two methods; a questionnaire, which identified self-reported previous symptoms, and a measure of perceptual distortions immediately prior to testing. Participants were classified as normal, Meares–Irlen sensitive, and borderline sensitive. Reading speed was measured with and without coloured overlays, using the Wilkins Rate of Reading Test and the change in speed was calculated. Participants classified as normal did not show any significant benefit from reading with an overlay. In contrast, a significant reading advantage was found for the borderline and Meares–Irlen participants. Current symptom rating was found to be a significant predictor of the change in reading speed, however the previous symptom rating was not found to be a reliable predictor. These data indicate that the assessment of perceptual distortions immediately prior to measuring colour preference and reading speed is the most meaningful method of assessing pattern glare and determining the utility of coloured overlays.","10.1111/j.1475-1313.2006.00401.x","",NA,NA,""
"rayyan-177368875","The early identification of dyslexia: Children with English as an additional language.",NA,1,1,"","",10,3,"","","","eng","Wiley-Blackwell",NA,"It is generally accepted that dyslexia should be identified early for interventions to have maximum effect. However, when children speak English as an additional language (EAL), diagnosis is more complex and there is concern that these children tend to be under-identified. This paper reports a longitudinal study following the development of phonological awareness skills in relation to progress in learning to read with a cohort of British Asian children learning EAL and their monolingual peers. It also sought to determine the usefulness of a measure of phonological skills for the identification of dyslexic-type difficulties in children learning EAL. Analysis revealed that both cohorts achieved similar levels of reading accuracy in school Years 2, 4 and 6, with higher levels of reading comprehension for the monolingual children and faster reading fluency for children learning EAL in each school year. There was a similar pattern of relationships between the reading measures and measures of phonological awareness for both groups of children. However, monolingual children achieved higher levels of rhyme detection and alliteration fluency whilst the children learning EAL achieved faster number naming times. Overall, a phonological assessment battery was useful in identifying reading accuracy related difficulties in both groups of children. However, concerns are raised about the sensitivity of such measures following the introduction of the Literacy Hour. Copyright © 2004 John Wiley & Sons, Ltd.","10.1002/dys.275","",NA,NA,""
"rayyan-177368877","Flicker fusion thresholds as a clinical identifier of a magnocellular-deficit dyslexic subgroup.",NA,1,1,"","",10,1,"","","","eng","Springer Nature",NA,"The magnocellular-dorsal system is well isolated by high temporal frequency. However, temporal processing thresholds have seldom been explored in developmental dyslexia nor its subtypes. Hence, performances on two, four-alternative forced-choice achromatic flicker fusion threshold tasks modulated at low (5%) and high (75%) temporal contrast were compared in dyslexic and neurotypical children individually matched for age and intelligence (8–12 years, n = 54 per group). As expected, the higher modulation resulted in higher flicker fusion thresholds in both groups. Compared to neurotypicals, the dyslexic group displayed significantly lower ability to detect flicker at high temporal frequencies, both at low and high temporal contrast. Yet, discriminant analysis did not adequately distinguish the dyslexics from neurotypicals, on the basis of flicker thresholds alone. Rather, two distinct dyslexic subgroups were identified by cluster analysis – one characterised by significantly lower temporal frequency thresholds than neurotypicals (referred to as 'Magnocellular-Deficit' dyslexics; 53.7%), while the other group ('Magnocellular-Typical' dyslexics; 46.3%) had comparable thresholds to neurotypicals. The two dyslexic subgroups were not differentially associated with phonological or naming speed subtypes and showed comparable mean reading rate impairments. However, correlations between low modulation flicker fusion threshold and reading rate for the two subgroups were significantly different (p =.0009). Flicker fusion threshold performances also showed strong classification accuracy (79.3%) in dissociating the Magnocellular-Deficit dyslexics and neurotypicals. We propose that temporal visual processing impairments characterize a previously unidentified subgroup of dyslexia and suggest that measurement of flicker fusion thresholds could be used clinically to assist early diagnosis and appropriate treatment recommendations for dyslexia.","10.1038/s41598-020-78552-3","",NA,NA,""
"rayyan-177368878","Predicting Reading Problems 6 Years Into the Future: Dynamic Assessment Reduces Bias and Increases Classification Accuracy.",NA,1,1,"","",49,4,"","","","eng","American Speech-Language-Hearing Association",NA,"Purpose: The purpose of this study was to examine how well a kindergarten dynamic assessment of decoding predicts future reading difficulty at 2nd, 3rd, 4th, and 5th grade and to determine whether the dynamic assessment improvesthepredictivevalidityof traditional static kindergarten reading measures. Method: With a small variation in sample size by grade, approximately 370 Caucasian and Hispanic students were administered a 3-min dynamic assessment of decoding and static measures of letter identification and phonemic awareness at the beginning of kindergarten. Oral reading fluency was then assessed at the end of Grades 2-5. In this prospective, longitudinal study, predictive validity was estimated for the Caucasian and Hispanic students by examining the amount of variance the static and dynamic assessments explained and by referring to area under the curve and sensitivity and specificity values. Results: The dynamic assessment accounted for variance in reading ability over and above the static measures, with fair to good area under the curve values and sensitivity and specificity. Classification accuracy worsened when the static measures were included as predictor measures. The results of this study indicate that a very brief dynamic assessment can predict with approximately 75%-80% accuracy, which kindergarten students will have difficulty in learning to decode up to 6 years into the future. Conclusions: Dynamic assessment of decoding is a promising approach to identifying future reading difficulty of young kindergarten students, mitigating the cultural and linguistic bias found in traditional static early reading measures.","10.1044/2018_LSHSS-DYSLC-18-0021","",NA,NA,""
"rayyan-177368881","Early diagnosis of the learning disabilities in kids using a computer game-based solution.",NA,1,1,"","",18,8,"","","","eng","Taylor & Francis Ltd",NA,"Learning disabilities or learning disorders are umbrella terms used for wide variety of learning problems like Dyslexia, Dyscalculia, Dysgraphia, and Dyspraxia. These disabilities are due to the neurological disorders which affects brain functions. Early diagnosis of these disabilities in kids from age 3 to 6 will help to start early medical treatments and get them back to the normal condition. we developed a software-based Learning Disability Evaluation Kit called YALU with computer Game Modules for kids targeting their learning disabilities. These Computer game-based modules of the YALU consist of different tasks for the different age levels to identify the symptoms of the disabilities mentioned above. The children's interaction results to each task of the game modules with the answers of the questioner about the children given by the parents will be evaluated with the threshold values given by a panel of consultant psychologist and paediatrician of the normal kids to identify the learning disabilities in kids aged 3–6 years. The result will be given to the respective parties and uploaded to the Website under the child's name. YALU has been tested using 50 students in age 3–5 in three preschools. The teachers have identified Fourteen students with some learning disability symptoms. Using YALU, twelve out of fourteen students had been clearly identified. Hence, the YALU Evaluation Kit to have an accuracy 85% in diagnosing the right disability. However, the accuracy could be increased with the accurate assessments of the parents about their kids. Learning disabilities are neurological disorders that affect the brain's ability to receive, process, store, respond to and communicate information; and there are four types (Dyslexia, Dyspraxia, Dysgraphia and Dyscalculia) In this paper, we present the extracted computational techniques targeting the Dyslexia, Dyspraxia, Dysgraphia and Dyscalculia and developed a software application (YALU Learning Disability Evaluation Kit) which consists of computer game modules for the kids for evaluation their learning disabilities. The developed game modules can screen the learning disabilities and these gamification modules (YALU) consists of tasks which are based on symptoms of the said disabilities. The outcomes of each module is evaluated these learning disabilities in kids age from 3 years to 6 years by analysing children's interactions to the each tasks, the child condition and then compare the result with the threshold values of the normal kids given by consultant psychologist and paediatrician.","10.1080/17483107.2021.2003454","",NA,NA,"RAYYAN-INCLUSION: {""rater1""=>""Included"", ""rater2""=>""Excluded"", ""rater3""=>""Included""} | RAYYAN-LABELS: bloque 1"
"rayyan-177368882","ERP Indicators of Phonological Awareness Development in Children: A Systematic Review.",NA,1,1,"","",13,2,"","","","eng","MDPI",NA,"Phonological awareness is the ability to correctly recognize and manipulate phonological structures. The role of phonological awareness in reading development has become evident in behavioral research showing that it is inherently tied to measures of phonological processing and reading ability. This has also been shown with ERP research that examined how phonological processing training can benefit reading skills. However, there have not been many attempts to systematically review how phonological awareness itself is developed neurocognitively. In the present review, we screened 224 papers and systematically reviewed 40 papers that have explored phonological awareness and phonological processing using ERP methodology with both typically developing and children with reading problems. This review highlights ERP components that can be used as neurocognitive predictors of early developmental dyslexia and reading disorders in young children. Additionally, we have presented how phonological processing is developed neurocognitively throughout childhood, as well as which phonological tasks can be used to predict the development of phonological awareness prior to developing reading skills. Neurocognitive measures of early phonological processing can serve as supplemental diagnostic sources to behavioral measures of reading abilities because they show different aspects of phonological sensitivity when compared to behavioral measures.","10.3390/brainsci13020290","",NA,NA,""
"rayyan-177368884","Screening for Dyslexia in French-Speaking University Students: An Evaluation of the Detection Accuracy of the Alouette Test.",NA,1,1,"","",51,3,"","","","eng","Sage Publications Inc.",NA,"Developmental dyslexia is a lifelong impairment affecting 5% to 10% of the population. In French-speaking countries, although a number of standardized tests for dyslexia in children are available, tools suitable to screen for dyslexia in adults are lacking. In this study, we administered the Alouette reading test to a normative sample of 164 French university students without dyslexia and a validation sample of 83 students with dyslexia. The Alouette reading test is designed to screen for dyslexia in children, since it taps skills that are typically deficient in dyslexia (i.e., phonological skills). However, the test’s psychometric properties have not previously been available, and it is not standardized for adults. The results showed that, on the Alouette test, dyslexic readers were impaired on measures of accuracy, speed, and efficiency (accuracy/reading time). We also found significant correlations between the Alouette reading efficiency and phonological efficiency scores. Finally, in terms of the Alouette test, speed-accuracy trade-offs were found in both groups, and optimal cutoff scores were determined with receiver operator characteristic curves analysis, yielding excellent discriminatory power, with 83.1% sensitivity and 100% specificity for reading efficiency. Thus, this study supports the Alouette test as a sensitive and specific screening tool for adults with dyslexia.","10.1177/0022219417704637","",NA,NA,""
"rayyan-177368887","Multifactorial pathways facilitate resilience among kindergarteners at risk for dyslexia: A longitudinal behavioral and neuroimaging study.",NA,1,1,"","",24,1,"","","","eng","Wiley-Blackwell",NA,"Recent efforts have focused on screening methods to identify children at risk for dyslexia as early as preschool/kindergarten. Unfortunately, while low sensitivity leads to under‐identification of at‐risk children, low specificity can lead to over‐identification, resulting in inaccurate allocation of limited educational resources. The present study focused on children identified as at‐risk in kindergarten who do not subsequently develop poor reading skills to specify factors associated with better reading outcomes among at‐risk children. Early screening was conducted in kindergarten and a subset of children was tracked longitudinally until second grade. Potential protective factors were evaluated at cognitive‐linguistic, environmental, and neural levels. Relative to at‐risk kindergarteners with subsequent poor reading, those with typical reading outcomes were characterized by significantly higher socioeconomic status (SES), speech production accuracy, and structural organization of the posterior right‐hemispheric superior longitudinal fasciculus (SLF). A positive association between structural organization of the right SLF and subsequent decoding skills was found to be specific to at‐risk children and not observed among typical controls. Among at‐risk children, several kindergarten‐age factors were found to significantly contribute to the prediction of subsequent decoding skills: white matter organization in the posterior right SLF, age, gender, SES, and phonological awareness. These findings suggest that putative compensatory mechanisms are already present by the start of kindergarten. The right SLF, in conjunction with the cognitive‐linguistic and socioeconomic factors identified, may play an important role in facilitating reading development among at‐risk children. This study has important implications for approaches to early screening, and assessment strategies for at‐risk children.","10.1111/desc.12983","",NA,NA,""
"rayyan-177368890","English phonological specificity predicts early French reading difficulty in emerging bilingual children.",NA,1,1,"","",70,1,"","","","eng","Springer Nature",NA,"The purpose of the present study was to examine the predictive value of a dynamic test of English and French lexical specificity on at-risk reading classification in 13 at-risk and 44 not at-risk emerging English (L1)-French (L2) bilingual Grade 1 children (M = 75.87 months, SD = 3.18) enrolled in an early French immersion program in Canada. Lexical specificity was assessed with a computerized word learning game in which children were taught new English (e.g., ""foal"" and ""sole"") and French (e.g., bac ""bin"" and bague ""ring"") word pairs contrasted by minimal phonological differences. The results indicated that the dynamic test of lexical specificity in English contributed significantly to the prediction of children's French at-risk reading status at the end of Grade 1 after controlling for French phonological awareness and nonverbal reasoning skills. However, French lexical specificity did not predict children's reading risk classification in French after controlling for French phonological awareness. Thus, it may be feasible to identify at-risk status in emerging bilinguals using dynamic measures in their stronger language.","10.1007/s11881-019-00188-4","",NA,NA,""
"rayyan-177368891","Responding to parental concern about children's reading.",NA,1,1,"","",28,8,"","","","eng","Oxford University Press / USA",NA,"Objectives This study explored if parents are accurate in their reading concerns, with implications for paediatric practice. Methods Parents of school-aged children in 34 schools in Ontario, Canada responded to a questionnaire about their children's academic development (27% response), and their children participated in standardized, norm-referenced tests of word reading and an oral sentence recall task. Parental concern status was retrospectively cross-referenced with reading difficulty status (<25th percentile on the word reading tests) for grade 2 children with complete data (n = 294); diagnostic accuracy was evaluated. Demographic and reading-related characteristics of children whose parents' concern did not match their reading difficulty status were explored. Results Approximately 22% of parents endorsed concern, while 18.5% of children had word reading difficulty. Parental concern status accurately corresponded with reading difficulty status in 81% of cases (95% CI: 76% to 85%). Specificity was 85% (95% CI: 80% to 90%), while sensitivity was 59% (95% CI: 44% to 73%). Children of unconcerned parents rarely had word reading problems (NPV 91%; 95% CI: 88% to 94%), while children with concerned parents had word reading difficulty in 45% of cases (PPV; 95% CI: 36% to 54%). Apparent inaccuracy (i.e. mismatch between parental concern and reading difficulty status) was related to children's word reading, oral sentence recall skills, and English language learner (ELL) status, but not child age, sex, or parent education. Conclusions Many parents of grade 2 children endorse reading concerns. Parental concern is an overall accurate screener for word reading difficulty, although some children will be missed. Evidence-informed recommendations for responding to parental concern are provided.","10.1093/pch/pxad038","",NA,NA,""
"rayyan-177368892","Validation of a screening test based on symbols visual search to detect visuo-attentionnal reading difficulties.",NA,1,1,"","",156,NA,"","","","eng","Elsevier B.V.",NA,"Visuo-attentional dyslexia has been associated with impaired simultaneous visual processing of multiple items made of separable features (i.e. symbols). We designed a visual search screening test, consisting to find the (unique) black circle among circles of various colours versus among circles combined with a bar of various length and location. We evaluated its reliability and its validity to detect visuo-attentional deficit prone to affect reading. Assessment of 2015 children between 3 and 11 years old established that the screening test was feasible from kindergarten, and that our index contrasting visual search performance for symbols relative to colours (the Temporal Gap) decreased with age. Satisfactory test–retest reliability of the standardised index (independent from age) was found on a sample of 69 individuals. Reading speed and inaccuracy assessed for 769 4th and 5th grades children were significantly correlated to the Temporal Gap. A Temporal Gap above 75th centile predicted reading efficiency deficit above 95th percentile with 63 % sensitivity and 71 % specificity. Our screening test can be used in clinic to detect whether a child with developmental dyslexia presents visuo-attentional fragility prone to contribute to the reading difficulties. Its validity as early predictor of a risk to develop visuo-attentional dyslexia needs further investigation. • Written symbols are specific stimuli made up of a spatial combination of strokes. • Our temporal gap index contrasted visual search of symbol versus colour. • Reading speed and accuracy significantly correlated to visual search index. • Individual centile categorisation did not differ between visual search and reading. • Our visual search screening test obtained 63 % sensitivity and 71 % specificity.","10.1016/j.ridd.2024.104897","",NA,NA,""
"rayyan-177368894","Seasonal sensitivity and psychiatric morbidity: study about seasonal affective disorder.",NA,1,1,"","",21,1,"","","","eng","BioMed Central",NA,"Background: Seasonal Affective Disorder is a recurrent depressive disorder which usually begins in the fall/winter and enters into remission in the spring/summer, although in some cases may occur in the summer with remission in the autumn-winter. In this study the authors evaluated the association between seasonal changes in mood and behavior with psychiatric disturbance. Method: Descriptive, cross-sectional study. Participants, students attending higher education and vocational courses (N = 324), were evaluated with the Seasonal Pattern Assessment Questionnaire (SPAQ) and the Screening Scale for Mental Health (ER80). Results: Among the respondents, 12.7% showed seasonal affective disorder (SAD), 29.0% showed subsyndromal seasonal affective disorder (s-SAD) and 58.3% did not show significant seasonal affective symptomatology. As for psychiatric morbidity, 36.6% of subjects with SAD and 13.8% of those with s-SAD were considered ""psychiatric cases"" whereas for subjects without SAD this value was only 3.2%. Conclusions: There is a statistically significant association between psychiatric morbidity and seasonal affective disorder. This association corroborates the importance of the Seasonal Pattern Assessment Questionnaire in screening for seasonal fluctuations in mood and behavior related disorders, and the clinical need for recognition of these conditions, particularly associated suffering and disabilities.","10.1186/s12888-021-03313-z","",NA,NA,""
"rayyan-177368895","The Hong Kong Behaviour Checklist for Primary Students: Developing a brief dyslexia screening measure.",NA,1,1,"","",59,2,"","","","eng","Taylor & Francis Ltd",NA,"The authors report on the development of a brief dyslexia screening measure based on revising the 65-item Hong Kong Behaviour Checklist of Specific Learning Difficulties in Reading and Writing. Teachers’ ratings of 1063 primary students aged 6–14 years on the behaviour checklist provided data for its psychometric evaluation using traditional measurement and Rasch measurement model analyses. Rasch scaling suggested that the revised 36-item checklist could be regarded as a unidimensional scale that assesses global dyslexic dysfunction, and receiver operating characteristics analysis suggested that a score of 18 could be an optimal cut-off score when it is used as a dyslexia screening measure. The validity of this revised checklist was supported by its substantial and significant correlations with external measures of literacy and cognitive skills. Implications of the findings for the use of adaptive testing to provide an effective procedure for screening are discussed.","10.1080/1034912X.2012.676437","",NA,NA,""
"rayyan-177368896","Breast cancer screening with digital breast tomosynthesis: comparison of different reading strategies implementing artificial intelligence.",NA,1,1,"","",33,5,"","","","eng","Springer Nature",NA,"Objectives: Digital breast tomosynthesis (DBT) can detect more cancers than the current standard breast screening method, digital mammography (DM); however, it can substantially increase the reading workload and thus hinder implementation in screening. Artificial intelligence (AI) might be a solution. The aim of this study was to retrospectively test different ways of using AI in a screening workflow. Methods: An AI system was used to analyse 14,772 double-read single-view DBT examinations from a screening trial with paired DM double reading. Three scenarios were studied: if AI can identify normal cases that can be excluded from human reading; if AI can replace the second reader; if AI can replace both readers. The number of detected cancers and false positives was compared with DM or DBT double reading. Results: By excluding normal cases and only reading 50.5% (7460/14,772) of all examinations, 95% (121/127) of the DBT double reading detected cancers could be detected. Compared to DM screening, 27% (26/95) more cancers could be detected (p < 0.001) while keeping recall rates at the same level. With AI replacing the second reader, 95% (120/127) of the DBT double reading detected cancers could be detected—26% (25/95) more than DM screening (p < 0.001)—while increasing recall rates by 53%. AI alone with DBT has a sensitivity similar to DM double reading (p = 0.689). Conclusion: AI can open up possibilities for implementing DBT screening and detecting more cancers with the total reading workload unchanged. Considering the potential legal and psychological implications, replacing the second reader with AI would probably be most the feasible approach. Key Points: • Breast cancer screening with digital breast tomosynthesis and artificial intelligence can detect more cancers than mammography screening without increasing screen-reading workload. • Artificial intelligence can either exclude low-risk cases from double reading or replace the second reader. • Retrospective study based on paired mammography and digital breast tomosynthesis screening data.","10.1007/s00330-022-09316-y","",NA,NA,"RAYYAN-INCLUSION: {""rater1""=>""Excluded"", ""rater2""=>""Excluded"", ""rater3""=>""Excluded""} | RAYYAN-LABELS: bloque 1 | USER-NOTES: {""rater1""=>[""cancer?? no gracias""]}"
"rayyan-177368898","MONITORIZAÇÃO COM BASE NO CURRÍCULO NA ESCOLA INCLUSIVA: ADEQUAÇÃO TÉCNICA DAS PROVAS MAZE NA TRIAGEM DO RISCO DE DISLEXIA.",NA,1,1,"","",15,NA,"","","","por","Jose Luis Bizelli, editor of Revista Ibero-Americana de Estudos em Educacao",NA,"This study describes curriculum-based measurement probes (CBM) for reading comprehension (CBM-Maze). Based on the existence of five scoring procedures, and in the context of the universal screening within Response to Intervention Educational Model, a study was conducted that aimed to test the administration, scoring and technical adequacy of a CBM-Maze probe in the identification of students at risk for Dyslexia. Thus, the impact of the five scoring procedures was analyzed: a) on the concurrent validity of the test; b) in the discriminative power of true positives (sensitivity) and true negatives (specificity) of the test. In three moments, 82 students from the 3rd year of schooling of a group of schools in northern Portugal were monitored. The data analyzed using descriptive, inferential, correlational statistics and ROC analysis allow us to conclude that: a) the results obtained in the CBM-Maze probe are valid regardless of the used scoring procedure ; b) at the beginning of the school year is not indifferent the scoring procedure that is used; c) the sensitivity of the CBM-Maze probe, to predict at the beginning of the school year whether a student will be at risk of presenting a very unsatisfactory reading at the end of the school year ranged between 93% and 96%, depending on the scoring procedure. The social impact of this study is manifested in the call for attention to the importance of identification of students at risk of reading failure, in the dissemination of a system of reliable and cost-effective screening in the context of an Intervention Response model.","10.21723/riaee.v15iesp.1.13513","",NA,NA,""
"rayyan-177368900","Detection of cut-off point for rapid automized naming test in good readers and dyslexics.",NA,1,1,"","",22,4,"","","","eng","Tehran University of Medical Sciences",NA,"Background and Aim: Rapid automized naming test is an appropriate tool to diagnose learning disability even before teaching reading. This study aimed to detect the cut-off point of this test for good readers and dyslexics. Methods: The test has 4 parts including: objects, colors, numbers and letters. 5 items are repeated on cards randomly for 10 times. Children were asked to name items rapidly. We studied 18 dyslexic students and 18 age-matched good readers between 7 and 8 years of age at second and third grades of elementary school; they were recruited by non-randomize sampling into 2 groups: children with developmental dyslexia from learning disabilities centers with mean age of 100 months, and normal children with mean age of 107 months from general schools in Tehran. Good readers selected from the same class of dyslexics. Results: The area under the receiver operating characteristic curve was 0.849 for letter naming, 0.892 for color naming, 0.971 for number naming, 0.887 for picture naming, and 0.965 totally. The overall sensitivity and specificity was 1 and was 0.79, respectively. The highest sensitivity and specificity were related to number naming (1 and 0.90, respectively). Conclusion: Findings showed that the rapid automized naming test could diagnose good readers from dyslexics appropriately.","","",NA,NA,"RAYYAN-INCLUSION: {""rater1""=>""Excluded"", ""rater2""=>""Excluded"", ""rater3""=>""Excluded""} | RAYYAN-LABELS: bloque 1 | USER-NOTES: {""rater1""=>[""edad""]}"
"rayyan-177368901","The design and validation of the Mental Health in Schools Questionnaire (MHISQ): A measure designed for typically developing and Special Educational Needs pupils.",NA,1,1,"","",169,NA,"","","","eng","Elsevier B.V.",NA,"The prevalence of poor mental health among children and young people has become an increasing concern and schools are said to be amongst the best settings to promote positive mental health. It is also known that there has been a large increase in children with Special Educational Needs (SEN) attending mainstream schools in comparison to previous years, given the advances in the understanding of diagnoses such as Autism Spectrum Disorder, Dyslexia and Dyscalculia. Mental health difficulties have become a concern not only for typically developing children, but also children with SEN, who experience exacerbated difficulties within the setting. One method that can help teachers to identify children with potential mental health difficulties is the use of screening tools, which can ultimately lead to early, successful interventions being implemented. However, no such measurement tools exist inclusive of both typically developing pupils and pupils with SEN. The aim of the current study was to design and validate a new measure of mental health for use in mainstream primary and secondary schools, which is also appropriate for use with those with SEN (the MHISQ). A total of 185 participants took part from mainstream primary and secondary schools and the sample included pupils, teachers, and parents. The MHISQ shows strong convergent validity with other measures in relation to psychological well-being, mood, anxiety and depression. It also shows good internal consistency, test–retest reliability and inter-rater reliability. Finally, the MHISQ also has good levels of specificity and sensitivity. The MHISQ was built upon a triangulation of robust findings, including qualitative interviews, mathematical modelling, and a systematic literature review and forms the basis of a robust measure of school-based mental health which is free-for-use and validated for ages eight to 16.","10.1016/j.childyouth.2025.108128","",NA,NA,""
"rayyan-177368903","The Adult Reading History Questionnaire (ARHQ) in Icelandic: Psychometric Properties and Factor Structure.",NA,1,1,"","",47,6,"","","","eng","Sage Publications Inc.",NA,"This article describes psychometric testing of an Icelandic adaptation of the Adult Reading History Questionnaire (ARHQ), designed to detect a history of reading difficulties indicative of dyslexia. Tested in a large and diverse sample of 2,187 adults, the Icelandic adaptation demonstrated internal consistency reliability (Cronbach’s alpha = .92) and test–retest reliability (r = .93). Validity was established by comparing scores of adults who as children received ICD-10 diagnoses of specific reading disorder (F81.0; n = 419) to those of adults defined as nondyslexics (n = 679). ROC curve analysis resulted in an area under the curve of .92 (95% CI = .90, .93, p < .001) and a cutoff score of .43 with sensitivity of 84.5% and specificity of 83.7%. An exploratory factor analysis (n = 2,187) suggested three subscales, Dyslexia Symptoms, Current Reading, and Memory, the mean scores of which differed significantly among diagnosed dyslexics, relatives of dyslexics, and population controls. Our results support the applicability of the ARHQ in Icelandic as a self-report screening tool for adult dyslexia in Iceland.","10.1177/0022219413478662","",NA,NA,""
"rayyan-177368907","DEVELOPMENT AND VALIDATION OF A TEACHER RATING SCALE PRIMARY SCHOOL CHILDREN WITH READING DISABILITY.",NA,1,1,"","",26,2,"","","","eng","University of Oradea Publishing House",NA,"This study was designed to evaluate the internal structure and discriminant evidence of a teacher rating scale for screening children with reading disability. A 16 items teacher rating scale was developed to provide a brief screening measure for reading disability. The scale ratings were obtained from teachers (n=8) of 280 Arabic speaking children divided into two groups: typical readers (n=194), and disabled readers (n=86). Exploratory and Confirmatory Factor Analyses revealed four correlated but separable dimensions that were labelled word recognition, reading comprehension, writing, and memory. The Factorial Confirmatory Analysis (FCA) provided a reasonable fit to the data. Children rated as having severe scores in the scale, gained lower scores on objective measures of reading decoding and comprehension skills. In addition, the sensitivity of the scale was acceptable. These results suggest that the developed scale may provide a useful method to screen for reading disability in Arabic children in primary school.","","",NA,NA,"RAYYAN-INCLUSION: {""rater1""=>""Excluded"", ""rater2""=>""Included"", ""rater3""=>""Included""} | RAYYAN-LABELS: bloque 1 | USER-NOTES: {""rater1""=>[""no encuentro el articulo""]}"
"rayyan-177368909","Colored overlays and tinted lens filters.",NA,1,1,"","",44,2,"","","","eng","Wiley-Blackwell",NA,"Examines the effectiveness of using colored plastic overlays or nonoptical, tinted lens filters in improving reading efficiency in severely disabled readers, particularly those who suffer from a visual perceptual problem known as scotopic sensitivity syndrome (SSS). Screening for SSS; Reduction of the input of specific troublesome wavelengths of light.","","",NA,NA,"RAYYAN-INCLUSION: {""rater1""=>""Excluded"", ""rater2""=>""Excluded"", ""rater3""=>""Excluded""} | RAYYAN-LABELS: bloque 1"
"rayyan-177368911","Screening for At-Risk Readers in a Response to Intervention Framework.",NA,1,1,"","",36,4,"","","","eng","Taylor & Francis Ltd",NA,"This article examines universal screening, one component in a response to intervention approach for serving struggling learners. In a response to intervention framework, screening is the principal means for identifying early those students at risk of failure and likely to require supplemental instruction; as such, it represents a critical juncture in the service delivery continuum. Our focus is students at risk for unsatisfactory reading achievement. We first examine classification accuracy and the factors that affect it. Then, relying on studies conducted since 1998 that examine the classification accuracy of reading screens, we summarize research on candidate measures with potential for identifying students at risk for reading disabilities and identify areas in need of more research.","10.1080/02796015.2007.12087919","",NA,NA,""
"rayyan-177368912","Specificity, Co-Occurrence, and Growth: Math and Reading Skill Development in Children With Learning Disabilities.",NA,1,1,"","",NA,NA,"","","","eng","Sage Publications Inc.",NA,"Learning disabilities are challenging to characterize because they evolve throughout development, frequently co-occur, and have varying domain specificity. Addressing these challenges, we analyzed longitudinal patterns of growth, co-occurrence, and specificity manifesting in the math and reading skills of children with and without learning disabilities. With a sample of 498 Grade 1 children followed for 5 years, we used linear mixed-effects models to explore group-level differences among children with math disability (MD), reading disability (RD), co-occurring disability, and no disability. Findings revealed: Math and reading trajectories of children with learning disabilities parallel those of children without disabilities. Skill growth slows over time, regardless of skill level, suggesting disability-related impairments will not resolve without intervention. Impairment levels and growth trajectories of children with co-occurring disabilities match the within-domain patterns of children with isolated disabilities, supporting a longitudinally maintained additive model of co-occurrence. MD and RD show varying specificity. MD impairments are domain-specific and become more pronounced over time. RD impairments impact both domains early, become more domain-specific over time, but maintain curriculum-contingent math deficits. Findings suggest early math intervention should balance linguistic and conceptual support, as the source of a child’s math difficulties may not be clear until well into elementary school.","10.1177/00222194241312189","",NA,NA,""
"rayyan-177368918","Performance of deep learning in the detection of intracranial aneurysm: A systematic review and meta-analysis.",NA,1,1,"","",155,NA,"","","","eng","Elsevier B.V.",NA,"<bold>Purpose: </bold>Early detection and diagnosis of intracranial aneurysms (IAs) are particularly critical. Deep learning models (DLMs) are now widely used in the diagnosis of various diseases. Different DLMs have been developed to detect IAs. However, the overall performance of various DLMs for detecting IAs has not been evaluated. We aimed at exploring the performance of DLMs in the detection of IAs and measuring the effect of DLMs in assisting clinicians.<bold>Methods: </bold>A diagnostic accuracy meta-analysis using a mixed-effect binary regression model was performed to estimate accuracy in patient-level and lesion-level. Moreover, the effect in assisting clinicians was measured by a random-effect meta-analysis.<bold>Results: </bold>Twenty cohort studies including a total of 17 DLMs were assessed eligible in the present study. We summarized that DLMs had both high sensitivity (0.92, 95 % CI: 0.85 to 0.96) and specificity (0.96, 95 % CI: 0.94 to 0.97) in the detection of IAs in patient-level. In lesion-level, we also found a high summary sensitivity of 0.92 (95 % CI: 0.87 to 0.95). Moreover, assisted by DLMs, the sensitivity of clinicians became higher (Risk ratio: 1.09, P-value: 0.0006), with no effect on the specificity in diagnosis (Risk ratio: 0.99, P-value: 0.53). The reading time was reduced by the assistance of the deep learning model. (Mean difference: -7.37, P-value: 0.0077) CONCLUSIONS: DLMs have the competence of detecting IAs accurately. Moreover, DLMs can improve clinicians' sensitivity and reduce the reading time without affecting the specificity in diagnosing IAs.","10.1016/j.ejrad.2022.110457","",NA,NA,""
"rayyan-177368921","Validation d'un questionnaire de repérage par l'enseignant des difficultés d'apprentissage de la lecture chez l'enfant scolarisé en cours préparatoire à Paris",NA,1,1,"","",20,2,"","","","fre","Elsevier B.V.",NA,"Abstract: The fundamental importance of the access to written language justifies the necessity of an early and adapted take care of learning disabilities. The study design included the administration of a teacher questionnaire to 674 children and of the reference battery BREV to 232 children previously detected by their teachers and 153 control children. Statistical analysis was used to compare the teacher questionnaire and the reference screening test and to calculate the sensitivity and the specificity of the teacher questionnaire. In the present study the teacher questionnaire administered by a medical school doctor had a good feasibility and acceptability. Our results are in favour of using a teacher questionnaire based on 3 items that best predict reading disability. Sensitivity and specificity of each item are good enough to recommend this questionnaire as a useful identification tool.","10.1016/j.jpp.2007.01.001","",NA,NA,""
"rayyan-177368922","Development of orientation sensitivity to Chinese compound characters in 4‐ to 6‐year‐ old children.",NA,1,1,"","",10,1,"","","","eng","Wiley-Blackwell",NA,"Visual‐orthographic skill is crucial to beginning readers when they learn to read. Confusion of the orientation of letters or words is common for beginning readers across different writing systems, especially for Chinese script with high visual complexity. The present study aims to explore children's early development of Chinese compound characters' orientation perception and its relation to their reading development. Ninety‐two preschool children aged from 4 to 6 years participated in the study. They were instructed to finish two perceptual matching tasks (inverted orientation and mirrored orientation) which were presented on a touch screen. Results showed that 4‐year‐old children were sensitive to the inverted Chinese compound characters. However, 6‐year‐old children showed sensitivity to the mirrored Chinese compound characters. Additionally, children's reading ability was significantly correlated with the sensitivity of mirrored Chinese compound characters, even after controlling children's ages and their general cognitive ability. These findings indicate that different aspects of orientation sensitivity to Chinese compound characters demonstrated different developmental trajectories. Orientation sensitivity to Chinese compound characters may be an important early predictor for later reading development.","10.1002/pchj.405","",NA,NA,"RAYYAN-INCLUSION: {""rater1""=>""Excluded"", ""rater2""=>""Excluded"", ""rater3""=>""Included""} | RAYYAN-LABELS: bloque 1 | USER-NOTES: {""rater1""=>[""creo que no tiene que ver con nuestro objetivo de estudio ""]}"
"rayyan-177368924","Assessment of the Psychometric Properties of the New Version of Tehran- Stanford- Binet Intelligence Scale in Children with Dyslexia.",NA,1,1,"","",16,9,"","","","eng","Zahedan University of Medical Sciences",NA,"Background: Cognitive abilities assessment, is considered to be one of the most complicated and controversial issues in psychological tests. In spite of great usage of new version of Tehran- Stanford- Binet intelligence scale in screening and diagnosis, they have not made so many endeavors to use this valid test in our country and little researches have been conducted to survey psychometric characteristics of mentioned scale. Given the above considerations, the aim of this study is to investigate Tehran-Stanford-Binet intelligence scale psychometric characteristics in dyslectic children. Materials and Methods: In this psychometric study with classical approach, the statistical society was all the students with dyslexia in the elementary schools of Tehran provinces in 1390. The sample size was equal with 120 students with dyslexia who were selected based on purposive sampling. The new version of Tehran-Stanford-Binet intelligence Scale which includes 10 subtests in verbal and nonverbal domains (fluid reasoning, knowledge, quantitative reasoning, visual spatial processing and working memory and eight IQ) was used for them. Findings highlight characteristics of this tool is its ability to calculate the combined scores connected to the reading skills. ROC curve methods, kronbach alpha and pearson correlation was used to analyze the data. Results: Result show that SB5 Test has a good reliability and diagnostic validity. It has 98% sensitivity and a desirable potential to identify student with dyslexia (72%). Conclusion: SB5 could be used as an identificationtoal test for dyslexia.","","",NA,NA,"RAYYAN-INCLUSION: {""rater1""=>""Excluded"", ""rater2""=>""Excluded"", ""rater3""=>""Included""} | RAYYAN-LABELS: bloque 1"
"rayyan-177368926","Using Time-Processing Skills to Predict Reading Abilities in Elementary School Children.",NA,1,1,"","",5,1,"","","","eng","Brill Academic Publishers",NA,"This article aims at examining the relationship between temporal skills and reading. According to Tallal, dyslexia may be linked to a global deficit in temporal processing, which would be detrimental for discrimination of phonemes, and thus impair reading acquisition. The temporal deficit hypothesis is not consensual, and the exact nature of the temporal deficits assumed to be associated with dyslexia remains unknown. The aim of the present experiment is to better define the temporal processes involved in reading. To do so, elementary school children from 1st to 6th grade with varied reading skills levels were recruited (from weak to very good readers). Each participant performed four temporal tasks, that is, gap detection, temporal order judgement, interval discrimination and interval reproduction; and each task was performed in two different conditions, i.e., with signals marking time delivered in the visual and in the auditory modalities. The results show positive correlations between reading skills and all temporal tasks, in both modalities. We also established a prediction model of reading skills with visual gap detection sensitivity as the best predictor. The results support Tallal's theory. Temporal deficits in weak readers are global and transcend sensory modalities. The gap detection task in the visual modality shows clinical potential for identifying timing-related reading difficulties, and could be used in future research.","10.1163/22134468-00002079","",NA,NA,""
"rayyan-177368927","Context effects on phoneme categorization in children with dyslexia.",NA,1,1,"","",148,4,"","","","eng","American Institute of Physics",NA,"Research shows that, on average, children with dyslexia behave less categorically in phoneme categorization tasks. This study investigates three subtle ways that struggling readers may perform differently than their typically developing peers in this experimental context: sensitivity to the frequency distribution from which speech tokens are drawn, bias induced by previous stimulus presentations, and fatigue during the course of the task. We replicate findings that reading skill is related to categorical labeling, but we do not find evidence that sensitivity to the stimulus frequency distribution, the influence of previous stimulus presentations, and a measure of task engagement differs in children with dyslexia. It is, therefore, unlikely that the reliable relationship between reading skill and categorical labeling is attributable to artifacts of the task design, abnormal neural encoding, or executive function. Rather, categorical labeling may index a general feature of linguistic development whose causal relationship to literacy remains to be ascertained.","10.1121/10.0002181","",NA,NA,"RAYYAN-INCLUSION: {""rater1""=>""Excluded"", ""rater2""=>""Excluded"", ""rater3""=>""Excluded""} | RAYYAN-LABELS: bloque 1 | USER-NOTES: {""rater1""=>[""no logre leer el articulo y no me quedo muy claro si realizan esa evaluacion en si parece que comparan las estrategias""]}"
"rayyan-177368928","Development of a 5-Item Parent Questionnaire to Screen Preschool Children for Reading Problems.",NA,1,1,"","",53,6,"","","","eng","Sage Publications Inc.",NA,"Objective. To develop a brief tool for screening of emergent literacy skills in preschool children (3-5 years old) in pediatric clinics. Methods. Parents were given an 8-item questionnaire, and the children were tested with the Get Ready to Read–Revised (GRTR-R) screener. With the GRTR-R score as gold standard, the parent questionnaire was optimized using various combinations of questions and response weights in one half of the sample. The resulting 5-item questionnaire was then validated using the other half of the sample. Results. A total of 203 patients were enrolled. In the validation sample, the 5-item questionnaire had sensitivity and specificity vis-à-vis the GRTR-R of 100% and 78.6% in 5-year-olds (cutoff score of 8) and 78.6% and 68.2% in 4-year-olds (cutoff of 6). The questionnaire did not perform well in 3-year-olds. Conclusion. A very brief parent questionnaire may be useful as a first-line screener for early reading problems.","10.1177/0009922814521285","",NA,NA,"RAYYAN-INCLUSION: {""rater1""=>""Excluded"", ""rater2""=>""Excluded"", ""rater3""=>""Included""} | RAYYAN-LABELS: bloque 1 | USER-NOTES: {""rater1""=>[""creo que no tiene que ver""]}"
"rayyan-177368929","Validation of a Five-Item Parent Questionnaire to Screen Preschool Children for Reading Problems.",NA,1,1,"","",55,5,"","","","eng","Sage Publications Inc.",NA,"The article focuses on a study related to authentication of the parent questionnaire Early Literacy Screener (ELS). Topics discussed include prevalence of emergent literacy among preschool children, illustration of the Get Ready to Read-Revised (GRTR-R) test validity, involvement of several pediatric practices in literacy promotion programs such as Reach Out and Read, organization of readiness programs by kindergarten and facilitation of ELS integration in preschool through administration.","10.1177/0009922815590117","",NA,NA,""
"rayyan-177368930","English or Spanish?",NA,1,1,"","",28,1,"","","","eng","Lippincott Williams & Wilkins",NA,"The article examines the sensitivity of measures frequently used to identify children at risk for reading disabilities for use with Spanish-speaking English learners. According to the author, the study sought to determine whether English learners should be assessed for English, the language of instruction, or in Spanish, their home language. The performance of 49 native English speakers and 82 English learners in the first grade was assessed by standardized measures of cognitive and linguistic processes that underlie reading disabilities. Additional findings and assessments are also provided.","10.1097/01.adt.0000311416.77590.b5","",NA,NA,""
"rayyan-177368931","Auditory brainstem responses to stop consonants predict literacy.",NA,1,1,"","",128,3,"","","","eng","Elsevier B.V.",NA,"Objective Precise temporal coding of speech plays a pivotal role in sound processing throughout the central auditory system, which, in turn, influences literacy acquisition. The current study tests whether an electrophysiological measure of this precision predicts literacy skills. Methods Complex auditory brainstem responses were analysed from 62 native German-speaking children aged 11–13 years. We employed the cross-phaseogram approach to compute the quality of the electrophysiological stimulus contrast [da] and [ba]. Phase shifts were expected to vary with literacy. Results Receiver operating curves demonstrated a feasible sensitivity and specificity of the electrophysiological measure. A multiple regression analysis resulted in a significant prediction of literacy by delta cross-phase as well as phonological awareness. A further commonality analysis separated a unique variance that was explained by the physiological measure, from a unique variance that was explained by the behavioral measure, and common effects of both. Conclusions Despite multicollinearities between literacy, phonological awareness, and subcortical differentiation of stop consonants, a combined assessment of behavior and physiology strongly increases the ability to predict literacy skills. Significance The strong link between the neurophysiological signature of sound encoding and literacy outcome suggests that the delta cross-phase could indicate the risk of dyslexia and thereby complement subjective psychometric measures for early diagnoses.","10.1016/j.clinph.2016.12.007","",NA,NA,"RAYYAN-INCLUSION: {""rater1""=>""Excluded"", ""rater2""=>""Excluded"", ""rater3""=>""Excluded""} | RAYYAN-LABELS: bloque 1 | USER-NOTES: {""rater1""=>[""edad""]}"
"rayyan-177368932","Balance and gait in children with dyslexia.",NA,1,1,"","",150,2,"","","","eng","Springer Nature",NA,"Tests of postural stability have provided some evidence of a link between deficits in gross motor skills and developmental dyslexia. The ordinal-level scales used previously, however, have limited measurement sensitivity, and no studies have investigated motor performance during walking in participants with dyslexia. The purpose of this study was to investigate if continuous-scaled measures of standing balance and gait could discriminate between groups of impaired and normal readers when investigators were blind to group membership during testing. Children with dyslexia (n=22) and controls (n=18), aged 10–12 years, performed walking tests at four different speeds (slow–preferred–fast–very fast) on an even and an uneven surface, and tests of unperturbed and perturbed body sway during standing. Body movements were registered by a triaxial accelerometer over the lower trunk, and measures of reaction time, body sway, walking speed, step length and cadence were calculated. Results were controlled for gender differences. Tests of standing balance with eyes closed did not discriminate between groups. All unperturbed standing tests with eyes open showed significant group differences (P<0.05) and classified correctly 70–77.5% of the subjects into their respective groups. Mean walking speed during very fast walking on both flat and uneven surface was ≥0.2 m/s (P≤0.01) faster for controls than for the group with dyslexia. This test classified 77.5% and 85% of the subjects correctly on flat and uneven surface, respectively. Cadence at preferred or very fast speed did not differ statistically between groups, but revealed significant group differences when all subjects were compared at a normalised walking speed (P≤0.04). Very fast walking speed as well as cadence at a normalised speed discriminated better between groups when subjects were walking on an uneven surface compared to a flat floor. Continuous-scaled walking tests performed in field settings may be suitable for motor skill assessment as a component of a screening tool for developmental dyslexia.","10.1007/s00221-003-1450-4","",NA,NA,"RAYYAN-INCLUSION: {""rater1""=>""Excluded"", ""rater2""=>""Excluded"", ""rater3""=>""Excluded""} | RAYYAN-LABELS: bloque 1 | USER-NOTES: {""rater1""=>[""edad""]}"
"rayyan-177368933","Development of sensitivity to orthographic errors in children: An event-related potential study.",NA,1,1,"","",358,NA,"","","","eng","Elsevier B.V.",NA,"To study the development of orthographic sensitivity during elementary school, we recorded event-related brain potentials (ERPs) from 2nd and 4th grade children who were exposed to line drawing of object or animals upon which the correctly or incorrectly spelled name was superimposed. Stimulus-locked ERPs showed a modulation of a frontocentral negativity between 200 and 500 ms which was larger for the 4th grade children but did not show an effect of correctness of spelling. This effect was followed by a pronounced positive shift which was only seen in the 4th grade children and which showed a modulation of spelling correctness. This effect can be seen as an electrophysiological correlate of orthographic sensitivity and replicates earlier findings in adults. Moreover, response-locked ERPs triggered to the children’s button presses indicating orthographic (in)-correctness showed a succession of waves including the frontocentral error-related negativity and a subsequent negativity with a more posterior distribution. This latter negativity was generally larger for the 4th grade children. Only for the 4th grade children, this negativity was smaller for the false alarm trials suggesting a conscious registration of the error in these children.","10.1016/j.neuroscience.2017.07.002","",NA,NA,"RAYYAN-INCLUSION: {""rater1""=>""Excluded"", ""rater2""=>""Excluded"", ""rater3""=>""Excluded""} | RAYYAN-LABELS: bloque 1 | USER-NOTES: {""rater1""=>[""edad""]}"
"rayyan-177368936","Dyslexia detection using 3D convolutional neural networks and functional magnetic resonance imaging.",NA,1,1,"","",197,NA,"","","","eng","Elsevier B.V.",NA,"• In this paper we presented an approach for automatic detection of dyslexic children using a 3D Convolutional Neural Network. The methodology is based on the classification of volumes containing brain activation areas during three different reading tasks. • The input volumes were created using a sequence of preprocessing steps, namely: Conversion to Nifti volumes, adjustment of head motion, normalization, smoothing and generation of Statistical Parametric Maps (SPMs) using SPM12 software. Only specific brain areas which are related to language comprehension were selected. • We present different metrics to evaluate our approach, obtaining an overall average classification accuracy of 72.73%, sensitivity of 75%, specificity of 71.43%, precision of 60% and an F1-score of 67% in dyslexia detection. Background and Objectives : Dyslexia is a disorder of neurological origin which affects the learning of those who suffer from it, mainly children, and causes difficulty in reading and writing. When undiagnosed, dyslexia leads to intimidation and frustration of the affected children and also of their family circles. In case no early intervention is given, children may reach high school with serious achievement gaps. Hence, early detection and intervention services for dyslexic students are highly important and recommended in order to support children in developing a positive self-esteem and reaching their maximum academic capacities. This paper presents a new approach for automatic recognition of children with dyslexia using functional magnetic resonance Imaging. Methods : Our proposed system is composed of a sequence of preprocessing steps to retrieve the brain activation areas during three different reading tasks. Conversion to Nifti volumes, adjustment of head motion, normalization and smoothing transformations were performed on the fMRI scans in order to bring all the subject brains into one single model which will enable voxels comparison between each subject. Subsequently, using Statistical Parametric Maps (SPMs), a total of 165 3D volumes containing brain activation of 55 children were created. The classification of these volumes was handled using three parallel 3D Convolutional Neural Network (3D CNN), each corresponding to a brain activation during one reading task, and concatenated in the last two dense layers, forming a single architecture devoted to performing optimized detection of dyslexic brain activation. Additionally, we used 4-fold cross validation method in order to assess the generalizability of our model and control overfitting. Results : Our approach has achieved an overall average classification accuracy of 72.73%, sensitivity of 75%, specificity of 71.43%, precision of 60% and an F1-score of 67% in dyslexia detection. Conclusions : The proposed system has demonstrated that the recognition of dyslexic children is feasible using deep learning and functional magnetic resonance Imaging when performing phonological and orthographic reading tasks.","10.1016/j.cmpb.2020.105726","",NA,NA,"RAYYAN-INCLUSION: {""rater1""=>""Excluded"", ""rater2""=>""Excluded"", ""rater3""=>""Excluded""} | RAYYAN-LABELS: bloque 1 | USER-NOTES: {""rater1""=>[""edad 9-12 años""]}"
"rayyan-177368938","Inventory construction to track cognitive profiles compatible with intellectual disability, ADHD, and dyslexia in children between 6 to 11 years old.",NA,1,1,"","",64,NA,"","","","eng","Cambridge University Press",NA,"Introduction: The most frequent complaints from children referred to psychiatry and psychologist are related to academic and attentional impairments, or developmental delay, which are shared by many conditions. Objectives: To develop an inventory that evaluates cognitive functions of children between 6 to 11 years old to track cognitive profiles compatible with Intellectual Disability, ADHD, and dyslexia to assist in differential diagnosis. Methods: In study 1 (identification of the relevant constructs, operational definition, and items development), data were collected from parents of children and professionals who serve this population; articles, verification of screening instruments and identification of cognitive impairments by the DSM-5. In study 2, an analysis of judges with professionals was carried out, as well as a verification of the items' clarity by the target population; In study 3, we looked for evidence of validity and precision indicators with a sample of 272 parents and 178 teachers of 72 children diagnosed with one of the three disorders and 207 that had no suspect of neurodevelopmental disorders. Results: For the parent version, the four-factor solution was the most appropriate, with the following Scales: Attention, Executive Functions, Intelligence and Oral Language. The final version for parents was composed of 60 items, with excellent internal consistency indices (coefficients> 0.90). Conclusions: ROC curves expressed good sensitivity and specificity of the scales for each disorder. Future studies have to expand the sample size of children diagnosed with one of the three disorders so that new analyzes can be performed and the results can be generalizable to the population.","10.1192/j.eurpsy.2021.2001","",NA,NA,""
"rayyan-177368939","The Utility of Kindergarten Teacher Ratings for Predicting Low Academic Achievement in First Grade.",NA,1,1,"","",34,3,"","","","eng","Sage Publications Inc.",NA,"The purpose of this study was to assess the predictive value of kindergarten teachers' ratings of pupils for later first-grade academic achievement. Kindergarten students were rated by their teachers on a variety of variables, including math and reading performance, teacher concerns, and amount of learning relative to peers. These variables were then analyzed with respect to outcome measures for math and reading ability administered in the first grade. The teachers' ratings of academic performance were significantly correlated with scores on the outcome measures. Analyses were also carried out to determine sensitivity, specificity, and predictive values of the different teacher ratings. The results indicated high overall accuracy, sensitivity, specificity, and negative predictive value for the ratings. Positive predictive value tended to be lower. A recommendation to follow from these results is that teacher ratings of this sort be used to determine which children should receive cognitive screening measures to further enhance identification of children at risk for learning disability. However, this recommendation is limited by the lack of empirically supported screening measures for math disability versus well-supported screening tools for reading disability.","10.1177/002221940103400308","",NA,NA,""
"rayyan-177368940","Using the Conners' Teacher Rating Scale--Revised in School Children Referred for Assessment.",NA,1,1,"","",54,4,"","","","eng","Sage Publications Inc.",NA,"Objective: Predictive validity of the Conners' Teacher Rating Scale-Revised (CTRS-R) was evaluated against a semi-structured clinical teacher interview in school children referred for diagnostic assessment of attention-deficit hyperactivity disorder (ADHD). We hypothesized that extreme scale values would increase diagnostic certainty and that classification errors would be associated with comorbid conditions. Method: Children (n = 1038), aged 6 to 12 years, were screened using the CTRS-R and their teachers were interviewed. Three levels of T scores on the 3 Diagnostic and Statistical Manual of Mental Disorders, Fourth Edition (DSM-IV) subscales of the CTRS-R were compared with DSM-IV symptom thresholds by interview. Where subscale scores and interviews showed highest agreement, presence of comorbid disruptive behavioural disorders, reading disability, language impairment, and low IQ were investigated for children classified correctly, compared with incorrectly. Results: T scores of 60 and above on all CTRS-R DSM-IV subscales offered high sensitivity, from 91% to 94%. Only on subscales M (hyperactive-impulsive) and N (total) did T scores of less than 60 offer posttest probabilities of less than 10%, confirming that a child does not reach diagnostic threshold by interview. T scores of 80 and more offered high specificity, from 88% to 93%, but did not provide high posttest probabilities that children reach diagnostic criteria. Classification errors were associated with more language impairment among false positives than true positives on the M (18.9%, compared with 11.3%, P = 0.04) and N (19.0%, compared with 9.5%, P = 0.023) subscales, and more reading disabilities among false positives than among true positives on the N subscale (35.2%, compared with 21.6%, P = 0.009). Conclusions: The ability of the CTRS-R to predict whether clinically referred children reach DSM-IV criteria for ADHD at school is limited.","10.1177/070674370905400404","",NA,NA,""
"rayyan-177368945","Eye Tracking and reading disabilities in a sample of Portuguese children.",NA,1,1,"","",12,7,"","","","eng","MDPI",NA,"This study investigated the neuropsycholinguistic profiles of typical and atypical reading children with the aim of finding which cognitive, linguistic and eye tracking measures have the most predictive diagnostic value to develop dyslexia or ADHD, and which of them are more suitable to explain measures of reading fluency. The sample is composed of 59 Portuguese children, 9 years old, native speakers of European Portuguese (L1) attending the 4th grade of primary education. The sample was divided in three groups, a group of 21 ADHD children, 19 children with dyslexia and 19 control children. Procedure: eye movements were recorded with the SMI IVIEW X™ HI-SPEED eye tracking system (SensoMotoric Instruments) while performing a reading task consisting of a descriptive-informative text with 264 words, with control of lexical properties, namely word- frequency and word-length. Multinomial logistic regression analyses suggested that some measures revealed an adequate sensitivity for the early diagnosis of dyslexia and ADHD. Having the control group as a reference, the strongest variables to predict the development of dyslexia were: verbal working memory, phonological awareness and rate of fixations of long low-frequency words. As far as ADHD is concerned, the risk factors include deficits in: visuospatial working memory, lexical memory, processing speed, visual attention and oculomotor coordination. Moreover, linear regression models enabled to conclude that the better predictors of reading speed are ""diagnosis"" and ""second pass reading time"" of short.","","",NA,NA,""
"rayyan-177368946","Assessment of Reading using Eye Tracking and Machine Learning.",NA,1,1,"","",12,7,"","","","eng","MDPI",NA,"The earlier reading deficits are discovered, the more effective interventions become. We have developed a method that quickly and accurately can assess reading difficulties with an accuracy of 95 %. We use machine learning of eye movements during reading to find children with reading problems, relative to expectations typical for the age and grade level. Based on results from a large population-based study performed in schools, we can now show that the method works for grades 1-3. In total, 3,444 screenings were performed in 21 schools. This is likely the largest eye tracking study ever performed on early readers. The results show that we achieve a binary classification accuracy of 86% with a good balance between sensitivity (85 %) and specificity (88 %). However, as reading deficits exist along a continuum, it is more appealing to predict the standard score. We find that a regression model gives a high correlation (R2 = .82) between observed and predicted standard scores. Although deviating eye movement patterns during reading are symptomatic rather than causal, the data from just a short passage yields a lot of information. In this talk, we will give an overview of the rationale for using eye tracking to assess reading ability. We see dyslexia as a language problem, and we will demonstrate how eye movements while reading reflect the cognitive processes involved. We will also present the research behind our method and discuss how it may be used for benchmarking as well as monitoring in response to intervention.","","",NA,NA,"RAYYAN-INCLUSION: {""rater1""=>""Excluded"", ""rater2""=>""Excluded"", ""rater3""=>""Included""} | RAYYAN-LABELS: bloque 1 | USER-NOTES: {""rater1""=>[""no logrue encontrar el articulo para poder leerlo y no me quedo claro si son niños entre 5-6 años ""]}"
"rayyan-177368947","ADD Students With and Without Dyslexia Differ in Sensitivity to Rhyme and Alliteration.",NA,1,1,"","",23,5,"","","","eng","Sage Publications Inc.",NA,"Examines the development of phonological sensitivity in elementary school students suffering from attention-deficit disorder (ADD). Effect of age-corrected phonological sensitivity scores on the prediction of both reading and spelling scores; Effect of spatial factor scores on reading and spelling scores; Conditions where the ADD students made more errors.","10.1177/002221949002300506","",NA,NA,"RAYYAN-INCLUSION: {""rater1""=>""Excluded"", ""rater2""=>""Excluded"", ""rater3""=>""Excluded""} | RAYYAN-LABELS: bloque 1 | USER-NOTES: {""rater1""=>[""por comorbilidad""]}"
